date_added,duration
"September 9, 2019",90
"September 8, 2017",99
"September 8, 2017",110
"September 8, 2017",60
"September 8, 2017",90
"September 8, 2017",95
"September 8, 2017",135
"September 8, 2017",98
"September 8, 2017",96
"September 8, 2017",113
"September 8, 2017",90
"September 8, 2015",80
"September 7, 2018",112
"September 7, 2018",106
"September 7, 2018",106
"September 7, 2018",102
"September 7, 2017",114
"September 6, 2019",125
"September 6, 2019",133
"September 6, 2018",86
"September 6, 2018",146
"September 6, 2017",79
"September 6, 2016",102
"September 5, 2018",122
"September 5, 2018",126
"September 5, 2018",116
"September 5, 2018",135
"September 5, 2018",125
"September 5, 2018",96
"September 5, 2018",130
"September 5, 2017",98
"September 5, 2017",70
"September 4, 2019",128
"September 4, 2019",88
"September 4, 2019",108
"September 4, 2019",93
"September 4, 2018",135
"September 4, 2018",88
"September 30, 2019",64
"September 30, 2018",107
"September 30, 2017",130
"September 3, 2018",96
"September 29, 2018",112
"September 29, 2018",111
"September 29, 2017",103
"September 29, 2017",103
"September 29, 2015",72
"September 28, 2019",89
"September 28, 2018",126
"September 28, 2018",130
"September 28, 2018",126
"September 28, 2018",127
"September 28, 2018",108
"September 28, 2018",163
"September 27, 2019",102
"September 27, 2019",116
"September 27, 2018",95
"September 27, 2017",104
"September 27, 2011",75
"September 26, 2019",133
"September 26, 2019",108
"September 26, 2018",103
"September 26, 2017",82
"September 26, 2017",94
"September 25, 2019",97
"September 25, 2019",89
"September 25, 2019",146
"September 25, 2019",146
"September 25, 2019",130
"September 25, 2018",110
"September 25, 2017",91
"September 24, 2019",106
"September 24, 2019",58
"September 24, 2018",111
"September 24, 2017",112
"September 24, 2017",102
"September 23, 2019",152
"September 23, 2019",87
"September 23, 2016",78
"September 22, 2019",121
"September 22, 2018",91
"September 22, 2018",101
"September 22, 2017",101
"September 22, 2017",119
"September 22, 2015",83
"September 21, 2019",182
"September 21, 2019",106
"September 21, 2019",102
"September 21, 2019",98
"September 21, 2018",124
"September 20, 2019",83
"September 20, 2019",82
"September 20, 2019",111
"September 20, 2018",102
"September 20, 2016",87
"September 2, 2017",116
"September 2, 2017",139
"September 2, 2017",101
"September 2, 2015",130
"September 19, 2019",171
"September 19, 2019",84
"September 19, 2018",112
"September 19, 2017",62
"September 18, 2019",112
"September 18, 2018",103
"September 18, 2017",64
"September 18, 2015",82
"September 17, 2019",80
"September 17, 2019",88
"September 17, 2019",124
"September 17, 2019",104
"September 17, 2019",76
"September 17, 2018",92
"September 16, 2019",91
"September 16, 2018",93
"September 16, 2018",112
"September 16, 2016",89
"September 16, 2016",60
"September 15, 2019",64
"September 15, 2019",94
"September 15, 2019",86
"September 15, 2018",113
"September 15, 2018",92
"September 15, 2018",153
"September 15, 2018",111
"September 15, 2018",141
"September 15, 2018",128
"September 15, 2018",117
"September 15, 2018",100
"September 15, 2018",112
"September 15, 2018",110
"September 15, 2017",137
"September 15, 2017",108
"September 15, 2017",132
"September 15, 2017",87
"September 15, 2017",92
"September 15, 2016",91
"September 15, 2016",83
"September 15, 2015",90
"September 14, 2019",157
"September 14, 2019",83
"September 14, 2019",95
"September 14, 2018",107
"September 14, 2018",109
"September 14, 2018",100
"September 14, 2018",114
"September 14, 2018",98
"September 13, 2019",106
"September 13, 2019",87
"September 13, 2019",90
"September 13, 2019",65
"September 13, 2019",105
"September 13, 2019",107
"September 13, 2019",103
"September 13, 2019",88
"September 13, 2017",78
"September 12, 2019",96
"September 12, 2018",100
"September 12, 2017",71
"September 11, 2018",123
"September 11, 2017",89
"September 10, 2019",67
"September 10, 2019",140
"September 10, 2019",93
"September 10, 2018",86
"September 1, 2019",96
"September 1, 2019",102
"September 1, 2019",108
"September 1, 2019",102
"September 1, 2019",93
"September 1, 2019",87
"September 1, 2019",94
"September 1, 2019",100
"September 1, 2019",88
"September 1, 2019",109
"September 1, 2019",138
"September 1, 2019",149
"September 1, 2019",82
"September 1, 2019",86
"September 1, 2019",112
"September 1, 2019",98
"September 1, 2019",113
"September 1, 2019",47
"September 1, 2019",106
"September 1, 2019",113
"September 1, 2019",119
"September 1, 2019",109
"September 1, 2019",98
"September 1, 2019",88
"September 1, 2019",116
"September 1, 2019",106
"September 1, 2019",95
"September 1, 2019",95
"September 1, 2019",113
"September 1, 2018",122
"September 1, 2018",110
"September 1, 2018",104
"September 1, 2018",96
"September 1, 2018",109
"September 1, 2018",95
"September 1, 2018",110
"September 1, 2018",110
"September 1, 2018",79
"September 1, 2018",101
"September 1, 2018",112
"September 1, 2018",94
"September 1, 2018",94
"September 1, 2018",86
"September 1, 2018",84
"September 1, 2018",95
"September 1, 2018",113
"September 1, 2018",111
"September 1, 2017",148
"September 1, 2017",92
"September 1, 2017",107
"September 1, 2017",90
"September 1, 2017",151
"September 1, 2017",88
"September 1, 2017",99
"September 1, 2017",99
"September 1, 2017",132
"September 1, 2017",95
"September 1, 2017",155
"September 1, 2017",162
"September 1, 2017",163
"September 1, 2017",102
"September 1, 2017",96
"September 1, 2017",85
"September 1, 2017",97
"September 1, 2017",95
"September 1, 2017",83
"September 1, 2017",89
"September 1, 2017",103
"September 1, 2017",84
"September 1, 2017",160
"September 1, 2017",113
"September 1, 2017",99
"September 1, 2017",86
"September 1, 2017",83
"September 1, 2017",113
"September 1, 2017",86
"September 1, 2017",78
"September 1, 2016",111
"September 1, 2016",88
"September 1, 2016",93
"September 1, 2016",29
"September 1, 2016",88
"September 1, 2016",107
"September 1, 2016",91
"September 1, 2013",75
"October 9, 2019",106
"October 9, 2019",87
"October 9, 2018",96
"October 9, 2018",57
"October 9, 2018",98
"October 8, 2019",70
"October 8, 2018",119
"October 7, 2019",111
"October 7, 2017",80
"October 7, 2016",73
"October 7, 2016",108
"October 6, 2019",101
"October 6, 2018",92
"October 6, 2018",94
"October 6, 2017",107
"October 5, 2019",109
"October 5, 2018",151
"October 5, 2018",74
"October 5, 2018",89
"October 5, 2018",124
"October 4, 2019",110
"October 4, 2019",102
"October 4, 2019",102
"October 4, 2019",24
"October 4, 2018",84
"October 4, 2018",121
"October 4, 2018",85
"October 4, 2016",25
"October 31, 2019",65
"October 31, 2018",126
"October 31, 2018",118
"October 31, 2017",84
"October 31, 2017",76
"October 31, 2015",85
"October 30, 2019",126
"October 30, 2018",116
"October 30, 2018",122
"October 30, 2018",105
"October 30, 2018",90
"October 30, 2017",75
"October 3, 2018",25
"October 3, 2018",121
"October 3, 2018",88
"October 3, 2017",90
"October 3, 2017",66
"October 3, 2017",92
"October 29, 2019",63
"October 29, 2018",87
"October 29, 2016",92
"October 28, 2019",20
"October 28, 2018",102
"October 28, 2017",93
"October 28, 2016",89
"October 28, 2016",107
"October 28, 2016",94
"October 28, 2016",110
"October 28, 2016",81
"October 27, 2018",89
"October 27, 2018",94
"October 27, 2017",98
"October 27, 2016",77
"October 27, 2015",85
"October 26, 2019",88
"October 26, 2018",126
"October 26, 2018",89
"October 26, 2018",90
"October 26, 2018",115
"October 26, 2017",91
"October 25, 2019",98
"October 25, 2019",94
"October 25, 2019",106
"October 25, 2019",118
"October 25, 2019",86
"October 25, 2019",94
"October 25, 2018",93
"October 25, 2017",168
"October 25, 2015",90
"October 24, 2019",82
"October 24, 2019",92
"October 24, 2018",138
"October 24, 2017",68
"October 23, 2019",95
"October 23, 2019",52
"October 23, 2019",108
"October 23, 2018",74
"October 23, 2018",102
"October 23, 2017",97
"October 22, 2019",91
"October 22, 2019",96
"October 22, 2019",67
"October 22, 2019",83
"October 22, 2019",94
"October 22, 2019",97
"October 22, 2018",103
"October 22, 2017",115
"October 22, 2017",148
"October 22, 2017",149
"October 22, 2017",113
"October 22, 2017",137
"October 22, 2017",140
"October 22, 2017",144
"October 22, 2015",105
"October 21, 2019",91
"October 21, 2018",119
"October 21, 2016",64
"October 21, 2014",68
"October 20, 2018",104
"October 20, 2018",161
"October 20, 2017",103
"October 20, 2017",82
"October 2, 2019",98
"October 2, 2018",111
"October 2, 2018",81
"October 2, 2018",137
"October 2, 2018",56
"October 2, 2018",80
"October 2, 2018",94
"October 2, 2018",94
"October 2, 2018",72
"October 2, 2017",101
"October 2, 2015",64
"October 19, 2019",98
"October 19, 2019",92
"October 19, 2019",118
"October 19, 2018",51
"October 19, 2018",86
"October 19, 2018",140
"October 19, 2018",122
"October 19, 2018",95
"October 19, 2018",205
"October 19, 2018",121
"October 19, 2017",94
"October 18, 2019",87
"October 18, 2019",121
"October 18, 2019",98
"October 18, 2019",95
"October 18, 2019",107
"October 18, 2019",100
"October 18, 2019",101
"October 18, 2019",96
"October 18, 2019",99
"October 18, 2019",112
"October 18, 2019",127
"October 18, 2018",131
"October 17, 2019",140
"October 17, 2018",80
"October 17, 2017",66
"October 16, 2019",63
"October 16, 2019",97
"October 16, 2019",86
"October 16, 2018",63
"October 16, 2017",135
"October 16, 2017",96
"October 16, 2017",144
"October 16, 2016",111
"October 16, 2015",59
"October 16, 2015",137
"October 16, 2015",86
"October 15, 2019",93
"October 15, 2018",150
"October 15, 2018",159
"October 15, 2017",108
"October 15, 2017",127
"October 15, 2017",127
"October 15, 2017",90
"October 15, 2017",126
"October 15, 2017",121
"October 15, 2017",119
"October 15, 2017",109
"October 15, 2017",132
"October 15, 2017",118
"October 15, 2017",84
"October 15, 2017",93
"October 15, 2017",96
"October 15, 2017",145
"October 15, 2017",158
"October 15, 2017",132
"October 15, 2017",111
"October 15, 2017",133
"October 15, 2017",143
"October 15, 2017",117
"October 15, 2016",97
"October 15, 2016",77
"October 15, 2016",94
"October 15, 2016",94
"October 15, 2016",91
"October 15, 2016",93
"October 15, 2016",95
"October 14, 2019",62
"October 14, 2017",107
"October 14, 2016",80
"October 14, 2015",135
"October 14, 2013",72
"October 13, 2019",96
"October 13, 2018",131
"October 13, 2017",83
"October 13, 2017",102
"October 13, 2017",52
"October 13, 2017",85
"October 13, 2017",113
"October 13, 2016",95
"October 12, 2018",130
"October 12, 2018",99
"October 12, 2018",106
"October 12, 2018",97
"October 12, 2017",88
"October 12, 2017",89
"October 12, 2016",90
"October 12, 2014",71
"October 11, 2019",104
"October 11, 2019",123
"October 11, 2019",100
"October 11, 2019",99
"October 11, 2019",151
"October 11, 2019",102
"October 11, 2018",118
"October 11, 2018",98
"October 10, 2018",144
"October 10, 2018",110
"October 10, 2017",59
"October 10, 2014",71
"October 1, 2019",93
"October 1, 2019",77
"October 1, 2019",103
"October 1, 2019",45
"October 1, 2019",119
"October 1, 2019",147
"October 1, 2019",123
"October 1, 2019",99
"October 1, 2019",98
"October 1, 2019",106
"October 1, 2019",112
"October 1, 2019",85
"October 1, 2019",91
"October 1, 2019",88
"October 1, 2019",101
"October 1, 2019",90
"October 1, 2019",96
"October 1, 2019",99
"October 1, 2019",101
"October 1, 2019",111
"October 1, 2019",96
"October 1, 2019",86
"October 1, 2019",97
"October 1, 2019",121
"October 1, 2019",90
"October 1, 2019",88
"October 1, 2019",64
"October 1, 2019",104
"October 1, 2019",122
"October 1, 2019",125
"October 1, 2019",92
"October 1, 2019",129
"October 1, 2019",79
"October 1, 2019",121
"October 1, 2019",106
"October 1, 2019",124
"October 1, 2019",87
"October 1, 2019",125
"October 1, 2019",154
"October 1, 2019",86
"October 1, 2019",111
"October 1, 2019",97
"October 1, 2019",66
"October 1, 2019",121
"October 1, 2019",91
"October 1, 2019",91
"October 1, 2019",82
"October 1, 2019",117
"October 1, 2019",81
"October 1, 2019",84
"October 1, 2019",81
"October 1, 2019",107
"October 1, 2019",94
"October 1, 2019",163
"October 1, 2019",90
"October 1, 2019",96
"October 1, 2019",91
"October 1, 2019",93
"October 1, 2018",140
"October 1, 2018",91
"October 1, 2018",97
"October 1, 2018",146
"October 1, 2018",118
"October 1, 2018",133
"October 1, 2018",106
"October 1, 2018",128
"October 1, 2018",137
"October 1, 2018",145
"October 1, 2018",106
"October 1, 2018",61
"October 1, 2018",137
"October 1, 2018",129
"October 1, 2018",99
"October 1, 2018",155
"October 1, 2018",142
"October 1, 2018",214
"October 1, 2018",137
"October 1, 2018",128
"October 1, 2018",89
"October 1, 2018",67
"October 1, 2018",151
"October 1, 2018",121
"October 1, 2018",101
"October 1, 2018",145
"October 1, 2018",147
"October 1, 2018",90
"October 1, 2018",129
"October 1, 2018",129
"October 1, 2018",136
"October 1, 2018",117
"October 1, 2018",150
"October 1, 2018",134
"October 1, 2018",100
"October 1, 2018",44
"October 1, 2018",44
"October 1, 2018",111
"October 1, 2018",147
"October 1, 2018",115
"October 1, 2018",121
"October 1, 2018",103
"October 1, 2018",73
"October 1, 2018",129
"October 1, 2018",102
"October 1, 2018",122
"October 1, 2018",155
"October 1, 2018",139
"October 1, 2018",131
"October 1, 2018",127
"October 1, 2018",156
"October 1, 2018",132
"October 1, 2018",130
"October 1, 2018",137
"October 1, 2018",132
"October 1, 2018",156
"October 1, 2018",132
"October 1, 2018",119
"October 1, 2018",140
"October 1, 2018",101
"October 1, 2018",126
"October 1, 2017",135
"October 1, 2017",107
"October 1, 2017",74
"October 1, 2017",74
"October 1, 2017",74
"October 1, 2017",83
"October 1, 2017",79
"October 1, 2017",72
"October 1, 2017",80
"October 1, 2017",75
"October 1, 2017",75
"October 1, 2017",72
"October 1, 2017",80
"October 1, 2017",93
"October 1, 2017",86
"October 1, 2017",47
"October 1, 2017",107
"October 1, 2017",119
"October 1, 2017",108
"October 1, 2017",85
"October 1, 2017",90
"October 1, 2017",72
"October 1, 2017",23
"October 1, 2017",68
"October 1, 2017",85
"October 1, 2017",84
"October 1, 2017",118
"October 1, 2017",116
"October 1, 2017",81
"October 1, 2017",73
"October 1, 2017",140
"October 1, 2016",105
"October 1, 2016",100
"October 1, 2016",96
"October 1, 2016",97
"October 1, 2016",73
"October 1, 2016",132
"October 1, 2016",96
"October 1, 2016",92
"October 1, 2016",99
"October 1, 2011",95
"October 1, 2011",96
"October 1, 2011",94
"October 1, 2011",94
"October 1, 2011",93
"October 1, 2011",96
"October 1, 2011",94
"October 1, 2011",94
"October 1, 2011",93
"October 1, 2011",95
"October 1, 2011",93
"November 9, 2018",99
"November 9, 2018",132
"November 9, 2018",106
"November 9, 2018",122
"November 8, 2019",100
"November 8, 2019",93
"November 8, 2019",94
"November 8, 2018",79
"November 8, 2018",78
"November 8, 2018",111
"November 8, 2018",112
"November 8, 2018",107
"November 8, 2016",101
"November 7, 2019",121
"November 7, 2018",102
"November 7, 2018",81
"November 7, 2017",81
"November 7, 2017",123
"November 6, 2019",78
"November 6, 2019",116
"November 5, 2019",61
"November 5, 2019",98
"November 5, 2019",123
"November 5, 2019",85
"November 5, 2018",129
"November 5, 2017",153
"November 4, 2019",92
"November 4, 2019",87
"November 4, 2019",92
"November 4, 2019",112
"November 4, 2019",97
"November 4, 2019",78
"November 4, 2019",103
"November 4, 2016",64
"November 30, 2019",135
"November 30, 2018",93
"November 30, 2018",30
"November 30, 2018",82
"November 30, 2018",95
"November 30, 2018",127
"November 30, 2018",120
"November 30, 2018",114
"November 30, 2018",119
"November 30, 2018",101
"November 30, 2018",96
"November 3, 2019",107
"November 3, 2018",86
"November 29, 2019",106
"November 29, 2019",107
"November 29, 2019",81
"November 29, 2019",107
"November 29, 2019",110
"November 29, 2019",104
"November 29, 2019",93
"November 28, 2019",94
"November 28, 2019",124
"November 28, 2018",120
"November 27, 2019",137
"November 27, 2019",134
"November 27, 2019",106
"November 27, 2019",209
"November 27, 2018",139
"November 27, 2017",128
"November 26, 2019",86
"November 26, 2019",24
"November 25, 2019",117
"November 25, 2018",95
"November 25, 2018",44
"November 25, 2016",92
"November 25, 2016",61
"November 24, 2019",92
"November 24, 2019",114
"November 24, 2019",121
"November 24, 2017",94
"November 24, 2017",101
"November 23, 2019",94
"November 23, 2019",109
"November 23, 2019",110
"November 23, 2019",96
"November 23, 2017",93
"November 22, 2019",97
"November 22, 2019",121
"November 22, 2019",119
"November 22, 2018",104
"November 22, 2017",109
"November 22, 2016",88
"November 22, 2016",88
"November 22, 2016",113
"November 21, 2019",138
"November 21, 2019",93
"November 21, 2018",110
"November 21, 2018",91
"November 21, 2017",51
"November 21, 2017",61
"November 21, 2017",73
"November 21, 2017",113
"November 21, 2016",67
"November 20, 2019",111
"November 20, 2019",88
"November 20, 2019",81
"November 20, 2019",73
"November 20, 2019",86
"November 20, 2019",116
"November 20, 2019",85
"November 20, 2019",134
"November 20, 2019",109
"November 20, 2019",102
"November 20, 2019",101
"November 20, 2019",88
"November 20, 2019",101
"November 20, 2019",28
"November 20, 2019",103
"November 20, 2019",131
"November 20, 2019",166
"November 20, 2019",105
"November 20, 2019",82
"November 20, 2019",107
"November 20, 2019",84
"November 20, 2019",103
"November 20, 2019",112
"November 20, 2019",89
"November 20, 2019",121
"November 20, 2019",87
"November 20, 2019",136
"November 20, 2019",118
"November 20, 2019",129
"November 20, 2019",94
"November 20, 2019",88
"November 20, 2019",158
"November 20, 2018",91
"November 20, 2018",114
"November 20, 2018",91
"November 20, 2018",64
"November 2, 2019",68
"November 2, 2019",68
"November 2, 2019",99
"November 2, 2019",69
"November 2, 2019",81
"November 2, 2019",69
"November 2, 2019",68
"November 2, 2019",68
"November 2, 2019",91
"November 2, 2019",86
"November 2, 2019",40
"November 2, 2018",116
"November 2, 2018",95
"November 2, 2018",122
"November 2, 2018",98
"November 2, 2016",125
"November 2, 2016",125
"November 19, 2019",78
"November 19, 2016",65
"November 18, 2018",89
"November 18, 2017",125
"November 18, 2016",62
"November 18, 2016",107
"November 18, 2015",91
"November 18, 2009",29
"November 17, 2017",92
"November 17, 2017",94
"November 17, 2017",65
"November 17, 2017",135
"November 17, 2017",86
"November 16, 2019",100
"November 16, 2019",84
"November 16, 2019",107
"November 16, 2019",101
"November 16, 2018",95
"November 16, 2018",86
"November 16, 2018",94
"November 16, 2018",133
"November 16, 2017",80
"November 15, 2019",107
"November 15, 2019",74
"November 15, 2019",60
"November 15, 2019",143
"November 15, 2019",105
"November 15, 2019",110
"November 15, 2019",98
"November 15, 2019",100
"November 15, 2019",74
"November 15, 2019",46
"November 15, 2018",122
"November 15, 2018",86
"November 15, 2018",111
"November 15, 2018",132
"November 15, 2018",111
"November 15, 2018",121
"November 15, 2018",76
"November 15, 2018",92
"November 15, 2018",119
"November 15, 2018",45
"November 15, 2018",75
"November 15, 2018",71
"November 15, 2018",81
"November 15, 2018",115
"November 15, 2017",142
"November 15, 2017",131
"November 15, 2016",69
"November 15, 2016",77
"November 14, 2019",88
"November 14, 2019",54
"November 14, 2017",66
"November 14, 2017",88
"November 14, 2014",75
"November 14, 2012",84
"November 13, 2018",128
"November 13, 2017",99
"November 13, 2015",62
"November 12, 2019",59
"November 12, 2018",95
"November 12, 2017",96
"November 11, 2019",100
"November 11, 2019",95
"November 11, 2017",126
"November 11, 2016",98
"November 10, 2018",114
"November 10, 2017",65
"November 10, 2017",54
"November 10, 2017",76
"November 10, 2017",100
"November 10, 2016",71
"November 1, 2019",102
"November 1, 2019",119
"November 1, 2019",94
"November 1, 2019",119
"November 1, 2019",90
"November 1, 2019",105
"November 1, 2019",108
"November 1, 2019",108
"November 1, 2019",87
"November 1, 2019",112
"November 1, 2019",101
"November 1, 2019",89
"November 1, 2019",91
"November 1, 2019",200
"November 1, 2019",119
"November 1, 2019",90
"November 1, 2019",103
"November 1, 2019",110
"November 1, 2019",133
"November 1, 2019",124
"November 1, 2019",118
"November 1, 2019",98
"November 1, 2019",85
"November 1, 2019",115
"November 1, 2019",137
"November 1, 2019",98
"November 1, 2019",110
"November 1, 2019",92
"November 1, 2019",116
"November 1, 2019",94
"November 1, 2019",134
"November 1, 2019",102
"November 1, 2019",98
"November 1, 2019",100
"November 1, 2019",105
"November 1, 2019",118
"November 1, 2019",153
"November 1, 2019",109
"November 1, 2019",99
"November 1, 2019",96
"November 1, 2019",91
"November 1, 2019",185
"November 1, 2019",92
"November 1, 2019",127
"November 1, 2019",98
"November 1, 2019",111
"November 1, 2019",120
"November 1, 2019",137
"November 1, 2019",121
"November 1, 2019",89
"November 1, 2019",91
"November 1, 2019",135
"November 1, 2019",98
"November 1, 2019",139
"November 1, 2019",95
"November 1, 2019",98
"November 1, 2019",91
"November 1, 2019",122
"November 1, 2019",100
"November 1, 2019",103
"November 1, 2019",129
"November 1, 2019",133
"November 1, 2019",105
"November 1, 2019",107
"November 1, 2019",136
"November 1, 2019",138
"November 1, 2019",129
"November 1, 2019",141
"November 1, 2019",99
"November 1, 2019",89
"November 1, 2019",90
"November 1, 2019",98
"November 1, 2019",88
"November 1, 2018",103
"November 1, 2018",117
"November 1, 2018",95
"November 1, 2018",146
"November 1, 2018",136
"November 1, 2018",91
"November 1, 2018",123
"November 1, 2018",144
"November 1, 2018",103
"November 1, 2018",126
"November 1, 2018",121
"November 1, 2018",91
"November 1, 2018",158
"November 1, 2018",157
"November 1, 2018",124
"November 1, 2018",106
"November 1, 2018",92
"November 1, 2018",80
"November 1, 2018",94
"November 1, 2018",126
"November 1, 2018",129
"November 1, 2018",133
"November 1, 2018",109
"November 1, 2018",143
"November 1, 2018",140
"November 1, 2018",150
"November 1, 2018",128
"November 1, 2018",120
"November 1, 2018",154
"November 1, 2018",45
"November 1, 2018",132
"November 1, 2018",126
"November 1, 2018",95
"November 1, 2018",91
"November 1, 2018",135
"November 1, 2018",139
"November 1, 2018",131
"November 1, 2018",118
"November 1, 2018",129
"November 1, 2018",131
"November 1, 2018",146
"November 1, 2018",123
"November 1, 2018",141
"November 1, 2018",93
"November 1, 2018",91
"November 1, 2018",58
"November 1, 2018",91
"November 1, 2018",112
"November 1, 2018",119
"November 1, 2018",106
"November 1, 2018",131
"November 1, 2018",104
"November 1, 2017",103
"November 1, 2017",141
"November 1, 2017",115
"November 1, 2017",120
"November 1, 2017",104
"November 1, 2017",97
"November 1, 2017",120
"November 1, 2017",132
"November 1, 2017",135
"November 1, 2017",82
"November 1, 2017",158
"November 1, 2017",107
"November 1, 2017",122
"November 1, 2017",95
"November 1, 2017",98
"November 1, 2017",113
"November 1, 2017",94
"November 1, 2017",120
"November 1, 2017",92
"November 1, 2017",132
"November 1, 2016",59
"November 1, 2016",91
"November 1, 2016",107
"November 1, 2016",101
"November 1, 2016",93
"November 1, 2016",86
"November 1, 2016",81
"November 1, 2013",44
"November 1, 2013",80
"November 1, 2010",84
"May 9, 2019",110
"May 9, 2019",87
"May 9, 2019",126
"May 9, 2019",103
"May 9, 2019",111
"May 9, 2019",100
"May 9, 2019",112
"May 9, 2017",61
"May 8, 2018",76
"May 8, 2018",67
"May 8, 2018",99
"May 8, 2016",107
"May 7, 2018",91
"May 6, 2019",99
"May 6, 2019",125
"May 6, 2019",147
"May 6, 2016",60
"May 5, 2019",88
"May 5, 2018",92
"May 5, 2018",87
"May 5, 2017",81
"May 5, 2017",72
"May 5, 2017",98
"May 5, 2016",86
"May 5, 2009",104
"May 4, 2018",100
"May 4, 2018",113
"May 4, 2018",105
"May 4, 2018",94
"May 4, 2018",109
"May 4, 2018",116
"May 4, 2018",99
"May 31, 2019",102
"May 31, 2019",127
"May 31, 2019",101
"May 31, 2019",135
"May 31, 2019",124
"May 31, 2019",103
"May 31, 2019",105
"May 31, 2019",98
"May 31, 2019",93
"May 31, 2019",113
"May 31, 2019",106
"May 31, 2018",89
"May 30, 2019",99
"May 30, 2019",123
"May 30, 2019",91
"May 30, 2017",71
"May 3, 2019",79
"May 3, 2019",110
"May 3, 2019",128
"May 3, 2019",110
"May 3, 2018",89
"May 29, 2017",153
"May 28, 2019",84
"May 28, 2019",99
"May 27, 2016",109
"May 26, 2019",122
"May 26, 2018",117
"May 26, 2017",98
"May 26, 2017",143
"May 26, 2017",123
"May 26, 2016",96
"May 25, 2018",114
"May 25, 2018",63
"May 25, 2018",94
"May 25, 2018",74
"May 25, 2017",97
"May 24, 2019",101
"May 24, 2019",99
"May 24, 2019",91
"May 24, 2018",103
"May 23, 2017",80
"May 22, 2019",137
"May 22, 2018",58
"May 22, 2015",78
"May 22, 2015",84
"May 21, 2019",111
"May 21, 2019",66
"May 21, 2019",159
"May 2, 2019",79
"May 2, 2019",87
"May 2, 2019",133
"May 2, 2019",116
"May 2, 2019",119
"May 2, 2018",92
"May 2, 2017",64
"May 2, 2017",95
"May 19, 2019",125
"May 19, 2018",94
"May 19, 2018",92
"May 19, 2017",106
"May 19, 2017",101
"May 18, 2019",95
"May 18, 2019",95
"May 18, 2018",104
"May 18, 2018",117
"May 17, 2019",96
"May 17, 2019",90
"May 17, 2019",53
"May 17, 2019",87
"May 17, 2018",89
"May 17, 2015",78
"May 17, 2011",103
"May 16, 2019",90
"May 16, 2019",96
"May 16, 2019",150
"May 16, 2019",105
"May 16, 2019",112
"May 16, 2019",119
"May 16, 2019",142
"May 16, 2019",94
"May 16, 2019",97
"May 16, 2018",129
"May 16, 2018",160
"May 16, 2017",119
"May 16, 2017",140
"May 16, 2017",59
"May 15, 2019",137
"May 15, 2019",100
"May 15, 2019",125
"May 15, 2019",128
"May 15, 2019",108
"May 15, 2019",136
"May 15, 2019",165
"May 15, 2019",124
"May 15, 2019",133
"May 15, 2019",116
"May 15, 2018",150
"May 15, 2018",158
"May 15, 2018",118
"May 15, 2018",100
"May 15, 2018",90
"May 15, 2017",164
"May 15, 2017",151
"May 15, 2017",84
"May 15, 2017",142
"May 15, 2017",110
"May 15, 2017",99
"May 15, 2016",102
"May 14, 2019",102
"May 14, 2019",87
"May 13, 2019",70
"May 13, 2019",92
"May 13, 2018",64
"May 13, 2017",86
"May 12, 2019",88
"May 12, 2018",92
"May 12, 2017",101
"May 12, 2017",88
"May 12, 2017",86
"May 11, 2019",100
"May 11, 2019",111
"May 11, 2019",128
"May 11, 2018",63
"May 11, 2018",105
"May 10, 2019",98
"May 10, 2019",104
"May 10, 2017",151
"May 10, 2017",116
"May 10, 2017",128
"May 10, 2017",128
"May 10, 2017",86
"May 10, 2017",88
"May 10, 2017",80
"May 10, 2015",93
"May 1, 2019",53
"May 1, 2019",82
"May 1, 2019",99
"May 1, 2019",87
"May 1, 2019",90
"May 1, 2019",124
"May 1, 2019",53
"May 1, 2019",88
"May 1, 2019",104
"May 1, 2019",92
"May 1, 2019",126
"May 1, 2019",140
"May 1, 2019",87
"May 1, 2019",93
"May 1, 2019",80
"May 1, 2018",82
"May 1, 2018",70
"May 1, 2018",131
"May 1, 2018",105
"May 1, 2018",130
"May 1, 2018",98
"May 1, 2018",90
"May 1, 2018",105
"May 1, 2018",106
"May 1, 2018",126
"May 1, 2018",84
"May 1, 2018",65
"May 1, 2018",121
"May 1, 2018",163
"May 1, 2018",92
"May 1, 2018",124
"May 1, 2018",107
"May 1, 2018",25
"May 1, 2018",103
"May 1, 2018",45
"May 1, 2018",101
"May 1, 2018",60
"May 1, 2018",90
"May 1, 2018",96
"May 1, 2018",98
"May 1, 2018",94
"May 1, 2018",74
"May 1, 2017",96
"May 1, 2017",111
"May 1, 2017",127
"May 1, 2017",117
"May 1, 2017",123
"May 1, 2017",139
"May 1, 2017",95
"May 1, 2017",148
"May 1, 2017",121
"May 1, 2017",79
"May 1, 2017",127
"May 1, 2017",92
"May 1, 2017",162
"May 1, 2017",163
"May 1, 2017",83
"May 1, 2017",112
"May 1, 2017",117
"May 1, 2017",90
"May 1, 2017",95
"May 1, 2017",99
"May 1, 2017",125
"May 1, 2017",93
"May 1, 2017",89
"May 1, 2017",120
"May 1, 2017",114
"May 1, 2017",109
"May 1, 2017",83
"May 1, 2017",107
"May 1, 2017",129
"May 1, 2017",135
"May 1, 2017",149
"May 1, 2017",136
"May 1, 2017",138
"May 1, 2017",177
"May 1, 2017",61
"May 1, 2017",126
"May 1, 2017",137
"May 1, 2017",114
"May 1, 2017",104
"May 1, 2017",96
"May 1, 2017",147
"May 1, 2016",163
"May 1, 2016",98
"March 9, 2019",87
"March 9, 2018",94
"March 9, 2018",121
"March 9, 2017",92
"March 9, 2017",92
"March 9, 2017",83
"March 9, 2017",123
"March 9, 2016",96
"March 8, 2019",98
"March 8, 2019",116
"March 8, 2019",90
"March 8, 2019",111
"March 8, 2019",100
"March 8, 2019",123
"March 8, 2019",106
"March 8, 2019",100
"March 8, 2017",90
"March 7, 2019",104
"March 7, 2019",99
"March 7, 2019",105
"March 7, 2019",128
"March 7, 2019",91
"March 7, 2019",127
"March 7, 2018",89
"March 7, 2018",94
"March 7, 2017",57
"March 7, 2016",65
"March 6, 2018",90
"March 6, 2018",86
"March 6, 2018",100
"March 6, 2018",84
"March 6, 2018",58
"March 6, 2018",95
"March 6, 2015",58
"March 6, 2015",82
"March 5, 2019",100
"March 5, 2019",131
"March 5, 2019",104
"March 5, 2019",94
"March 5, 2018",92
"March 4, 2019",124
"March 4, 2019",106
"March 4, 2019",108
"March 4, 2019",103
"March 4, 2019",100
"March 31, 2019",108
"March 31, 2019",88
"March 31, 2019",81
"March 31, 2018",87
"March 31, 2017",84
"March 31, 2017",90
"March 31, 2017",95
"March 31, 2017",63
"March 31, 2017",58
"March 31, 2017",18
"March 31, 2017",102
"March 31, 2017",42
"March 31, 2017",76
"March 31, 2016",75
"March 30, 2018",103
"March 30, 2018",78
"March 30, 2018",108
"March 30, 2018",62
"March 30, 2018",97
"March 30, 2018",102
"March 30, 2018",95
"March 30, 2017",92
"March 30, 2017",118
"March 30, 2017",91
"March 3, 2019",79
"March 3, 2019",92
"March 29, 2019",124
"March 29, 2019",102
"March 29, 2019",98
"March 29, 2019",132
"March 29, 2019",89
"March 29, 2019",109
"March 28, 2017",63
"March 27, 2019",75
"March 27, 2019",126
"March 27, 2018",106
"March 27, 2017",110
"March 26, 2019",61
"March 26, 2018",115
"March 25, 2019",126
"March 25, 2016",23
"March 24, 2019",108
"March 24, 2018",80
"March 24, 2017",91
"March 24, 2017",93
"March 24, 2017",93
"March 23, 2019",89
"March 23, 2019",100
"March 23, 2018",102
"March 23, 2018",99
"March 23, 2018",74
"March 23, 2018",100
"March 23, 2018",150
"March 23, 2017",108
"March 22, 2019",129
"March 22, 2019",108
"March 22, 2019",101
"March 21, 2019",105
"March 21, 2019",115
"March 21, 2019",118
"March 21, 2019",130
"March 21, 2019",101
"March 21, 2019",115
"March 21, 2018",90
"March 21, 2017",72
"March 21, 2017",114
"March 20, 2019",99
"March 20, 2019",97
"March 2, 2019",116
"March 2, 2019",83
"March 2, 2019",118
"March 2, 2019",162
"March 2, 2019",162
"March 2, 2019",126
"March 2, 2019",109
"March 2, 2019",109
"March 2, 2019",111
"March 2, 2018",51
"March 2, 2018",69
"March 2, 2018",104
"March 2, 2017",103
"March 2, 2017",92
"March 19, 2019",61
"March 19, 2019",97
"March 19, 2018",103
"March 19, 2016",83
"March 18, 2019",101
"March 18, 2017",97
"March 18, 2017",118
"March 18, 2016",97
"March 18, 2016",62
"March 18, 2016",84
"March 18, 2016",90
"March 17, 2019",92
"March 17, 2017",92
"March 17, 2017",137
"March 16, 2019",123
"March 16, 2018",87
"March 16, 2017",97
"March 16, 2017",101
"March 16, 2017",143
"March 16, 2017",97
"March 16, 2017",107
"March 16, 2016",82
"March 15, 2019",108
"March 15, 2019",104
"March 15, 2019",98
"March 15, 2019",65
"March 15, 2019",88
"March 15, 2019",106
"March 15, 2019",69
"March 15, 2019",97
"March 15, 2019",80
"March 15, 2019",85
"March 15, 2019",99
"March 15, 2019",98
"March 15, 2019",115
"March 15, 2019",138
"March 15, 2019",90
"March 15, 2019",86
"March 15, 2018",127
"March 15, 2018",129
"March 15, 2018",120
"March 15, 2018",129
"March 15, 2018",137
"March 15, 2018",91
"March 15, 2018",103
"March 15, 2018",145
"March 15, 2018",23
"March 15, 2018",25
"March 15, 2018",92
"March 15, 2018",81
"March 15, 2018",115
"March 15, 2018",150
"March 15, 2018",106
"March 15, 2018",115
"March 15, 2017",168
"March 15, 2017",117
"March 15, 2017",80
"March 15, 2017",87
"March 15, 2017",160
"March 15, 2017",88
"March 15, 2017",85
"March 14, 2019",90
"March 14, 2019",117
"March 14, 2019",132
"March 14, 2019",127
"March 14, 2019",125
"March 14, 2019",128
"March 14, 2018",140
"March 14, 2017",104
"March 14, 2017",62
"March 13, 2019",126
"March 13, 2018",79
"March 13, 2018",104
"March 12, 2018",52
"March 12, 2018",90
"March 11, 2018",83
"March 11, 2018",97
"March 10, 2018",85
"March 10, 2018",69
"March 10, 2017",109
"March 10, 2017",103
"March 10, 2017",99
"March 10, 2017",102
"March 10, 2017",97
"March 10, 2017",99
"March 10, 2017",101
"March 10, 2017",102
"March 10, 2017",102
"March 10, 2017",107
"March 10, 2017",99
"March 10, 2017",106
"March 10, 2017",103
"March 10, 2017",123
"March 10, 2017",98
"March 10, 2017",118
"March 10, 2017",100
"March 10, 2017",101
"March 10, 2017",103
"March 10, 2017",101
"March 10, 2017",104
"March 10, 2017",104
"March 10, 2017",100
"March 10, 2017",136
"March 10, 2017",102
"March 10, 2017",105
"March 10, 2017",110
"March 10, 2017",105
"March 10, 2017",105
"March 10, 2017",102
"March 10, 2017",98
"March 10, 2017",118
"March 10, 2017",106
"March 10, 2017",106
"March 1, 2019",89
"March 1, 2019",97
"March 1, 2019",103
"March 1, 2019",88
"March 1, 2019",120
"March 1, 2019",90
"March 1, 2019",99
"March 1, 2019",83
"March 1, 2019",107
"March 1, 2019",109
"March 1, 2019",105
"March 1, 2019",87
"March 1, 2019",93
"March 1, 2019",90
"March 1, 2019",89
"March 1, 2019",131
"March 1, 2019",114
"March 1, 2019",92
"March 1, 2019",75
"March 1, 2019",107
"March 1, 2019",97
"March 1, 2019",90
"March 1, 2019",98
"March 1, 2019",100
"March 1, 2019",103
"March 1, 2018",101
"March 1, 2018",91
"March 1, 2018",153
"March 1, 2018",149
"March 1, 2018",94
"March 1, 2018",79
"March 1, 2018",137
"March 1, 2018",53
"March 1, 2018",166
"March 1, 2018",162
"March 1, 2018",93
"March 1, 2018",155
"March 1, 2018",158
"March 1, 2018",138
"March 1, 2018",151
"March 1, 2018",96
"March 1, 2018",106
"March 1, 2018",141
"March 1, 2018",127
"March 1, 2018",130
"March 1, 2018",140
"March 1, 2018",145
"March 1, 2018",132
"March 1, 2018",41
"March 1, 2018",170
"March 1, 2018",157
"March 1, 2018",165
"March 1, 2018",143
"March 1, 2018",106
"March 1, 2018",73
"March 1, 2018",71
"March 1, 2018",161
"March 1, 2018",187
"March 1, 2018",127
"March 1, 2018",165
"March 1, 2018",117
"March 1, 2018",134
"March 1, 2018",116
"March 1, 2018",94
"March 1, 2018",168
"March 1, 2018",109
"March 1, 2018",148
"March 1, 2018",135
"March 1, 2018",127
"March 1, 2018",115
"March 1, 2018",150
"March 1, 2018",87
"March 1, 2018",127
"March 1, 2018",185
"March 1, 2018",75
"March 1, 2018",177
"March 1, 2018",81
"March 1, 2018",137
"March 1, 2018",118
"March 1, 2018",124
"March 1, 2018",123
"March 1, 2018",90
"March 1, 2018",91
"March 1, 2018",87
"March 1, 2018",89
"March 1, 2018",81
"March 1, 2018",47
"March 1, 2018",46
"March 1, 2018",173
"March 1, 2018",108
"March 1, 2018",125
"March 1, 2018",124
"March 1, 2018",137
"March 1, 2018",171
"March 1, 2018",160
"March 1, 2017",87
"March 1, 2017",56
"March 1, 2017",94
"March 1, 2017",118
"March 1, 2017",98
"March 1, 2017",125
"March 1, 2017",113
"March 1, 2016",90
"March 1, 2016",93
"March 1, 2016",91
"March 1, 2016",100
"June 9, 2017",87
"June 8, 2019",90
"June 8, 2019",107
"June 8, 2018",100
"June 8, 2018",110
"June 8, 2018",66
"June 8, 2017",84
"June 7, 2019",74
"June 7, 2019",119
"June 7, 2019",114
"June 7, 2019",125
"June 7, 2019",71
"June 7, 2019",110
"June 7, 2019",127
"June 7, 2019",118
"June 7, 2019",90
"June 7, 2018",99
"June 6, 2019",94
"June 6, 2019",90
"June 6, 2019",98
"June 6, 2019",99
"June 6, 2019",133
"June 6, 2019",94
"June 6, 2019",116
"June 6, 2019",93
"June 6, 2019",103
"June 6, 2019",84
"June 6, 2019",90
"June 6, 2019",107
"June 6, 2019",89
"June 6, 2019",96
"June 5, 2019",130
"June 5, 2019",90
"June 5, 2019",86
"June 5, 2019",79
"June 5, 2019",93
"June 5, 2018",131
"June 5, 2017",107
"June 5, 2017",117
"June 4, 2019",12
"June 4, 2019",62
"June 4, 2019",94
"June 4, 2018",86
"June 30, 2019",122
"June 30, 2019",113
"June 30, 2019",141
"June 30, 2018",69
"June 30, 2018",92
"June 30, 2018",90
"June 3, 2017",89
"June 3, 2017",119
"June 3, 2017",88
"June 3, 2017",126
"June 3, 2016",60
"June 29, 2019",81
"June 29, 2019",176
"June 29, 2018",101
"June 29, 2018",77
"June 29, 2018",89
"June 29, 2018",98
"June 29, 2015",69
"June 28, 2019",119
"June 28, 2019",73
"June 28, 2019",87
"June 28, 2019",88
"June 28, 2018",88
"June 28, 2017",121
"June 27, 2019",15
"June 27, 2019",55
"June 27, 2017",66
"June 26, 2019",122
"June 26, 2019",117
"June 26, 2019",95
"June 26, 2018",152
"June 26, 2018",66
"June 26, 2017",102
"June 26, 2017",108
"June 25, 2019",63
"June 25, 2019",73
"June 25, 2019",107
"June 25, 2018",103
"June 25, 2017",139
"June 24, 2018",95
"June 24, 2017",91
"June 24, 2017",90
"June 24, 2016",80
"June 24, 2016",97
"June 23, 2018",79
"June 23, 2018",89
"June 23, 2017",81
"June 23, 2017",72
"June 23, 2017",89
"June 23, 2015",92
"June 22, 2019",99
"June 22, 2019",96
"June 22, 2018",89
"June 22, 2018",119
"June 22, 2017",92
"June 22, 2017",81
"June 21, 2019",113
"June 21, 2019",69
"June 21, 2019",99
"June 21, 2019",87
"June 21, 2017",161
"June 20, 2019",112
"June 20, 2019",116
"June 20, 2019",99
"June 20, 2019",101
"June 20, 2019",116
"June 20, 2019",83
"June 20, 2017",92
"June 20, 2017",24
"June 20, 2017",66
"June 2, 2019",93
"June 2, 2019",114
"June 2, 2019",110
"June 2, 2018",118
"June 2, 2017",130
"June 2, 2017",102
"June 19, 2019",110
"June 19, 2019",110
"June 19, 2019",99
"June 19, 2018",70
"June 19, 2017",100
"June 18, 2019",59
"June 18, 2019",126
"June 18, 2019",97
"June 18, 2019",89
"June 18, 2016",105
"June 17, 2017",122
"June 16, 2019",88
"June 16, 2019",91
"June 16, 2017",81
"June 15, 2019",113
"June 15, 2019",117
"June 15, 2019",90
"June 15, 2018",104
"June 15, 2018",121
"June 15, 2018",106
"June 15, 2018",106
"June 15, 2018",113
"June 15, 2018",119
"June 15, 2017",77
"June 15, 2017",104
"June 15, 2017",73
"June 15, 2017",102
"June 15, 2017",47
"June 15, 2014",78
"June 14, 2019",95
"June 14, 2019",98
"June 14, 2018",82
"June 13, 2019",102
"June 13, 2019",61
"June 13, 2019",93
"June 13, 2019",117
"June 13, 2019",108
"June 13, 2019",126
"June 13, 2019",93
"June 13, 2017",98
"June 13, 2017",102
"June 13, 2016",96
"June 12, 2019",60
"June 12, 2019",142
"June 12, 2018",95
"June 11, 2019",113
"June 10, 2017",112
"June 10, 2017",85
"June 10, 2017",108
"June 1, 2019",125
"June 1, 2019",119
"June 1, 2019",109
"June 1, 2019",100
"June 1, 2019",98
"June 1, 2019",98
"June 1, 2019",128
"June 1, 2019",105
"June 1, 2019",109
"June 1, 2019",83
"June 1, 2019",101
"June 1, 2019",78
"June 1, 2019",110
"June 1, 2019",116
"June 1, 2019",141
"June 1, 2019",120
"June 1, 2019",97
"June 1, 2019",109
"June 1, 2019",105
"June 1, 2018",126
"June 1, 2018",130
"June 1, 2018",99
"June 1, 2018",89
"June 1, 2018",136
"June 1, 2018",131
"June 1, 2018",165
"June 1, 2018",110
"June 1, 2018",85
"June 1, 2018",92
"June 1, 2017",154
"June 1, 2017",44
"June 1, 2017",104
"June 1, 2017",96
"June 1, 2017",108
"June 1, 2017",105
"June 1, 2017",47
"June 1, 2017",44
"June 1, 2017",109
"June 1, 2017",89
"June 1, 2017",92
"June 1, 2017",122
"June 1, 2017",154
"June 1, 2017",152
"June 1, 2017",161
"June 1, 2017",123
"June 1, 2017",44
"June 1, 2017",106
"June 1, 2016",93
"June 1, 2016",99
"June 1, 2015",143
"July 9, 2019",65
"July 9, 2019",131
"July 8, 2016",100
"July 7, 2019",105
"July 7, 2017",105
"July 7, 2017",84
"July 7, 2015",60
"July 6, 2019",119
"July 6, 2018",66
"July 6, 2018",83
"July 6, 2018",110
"July 6, 2018",88
"July 6, 2017",109
"July 6, 2017",96
"July 6, 2016",96
"July 5, 2018",112
"July 4, 2019",107
"July 4, 2018",77
"July 31, 2019",90
"July 31, 2019",130
"July 31, 2018",88
"July 31, 2018",97
"July 30, 2019",99
"July 30, 2018",92
"July 30, 2018",102
"July 30, 2018",93
"July 30, 2017",103
"July 3, 2018",91
"July 3, 2018",58
"July 3, 2018",69
"July 3, 2018",61
"July 29, 2019",107
"July 29, 2018",126
"July 29, 2016",112
"July 28, 2018",82
"July 28, 2018",86
"July 28, 2018",105
"July 28, 2018",101
"July 28, 2018",100
"July 28, 2017",93
"July 28, 2017",84
"July 27, 2018",57
"July 27, 2018",95
"July 26, 2019",94
"July 26, 2019",111
"July 26, 2019",100
"July 26, 2019",77
"July 26, 2019",57
"July 26, 2019",107
"July 26, 2019",93
"July 26, 2018",128
"July 26, 2018",99
"July 26, 2018",113
"July 26, 2018",108
"July 26, 2018",105
"July 26, 2018",109
"July 26, 2018",93
"July 26, 2018",82
"July 26, 2018",95
"July 26, 2018",84
"July 26, 2018",106
"July 25, 2018",122
"July 25, 2018",108
"July 25, 2018",94
"July 25, 2018",103
"July 25, 2018",124
"July 25, 2018",92
"July 25, 2018",88
"July 25, 2017",67
"July 25, 2016",87
"July 24, 2018",72
"July 24, 2018",93
"July 24, 2018",102
"July 24, 2017",110
"July 23, 2019",103
"July 22, 2019",153
"July 22, 2019",94
"July 22, 2018",125
"July 22, 2018",99
"July 21, 2019",149
"July 21, 2019",111
"July 21, 2019",58
"July 21, 2019",56
"July 21, 2019",110
"July 21, 2019",98
"July 21, 2019",106
"July 21, 2019",102
"July 21, 2018",89
"July 21, 2018",95
"July 21, 2017",110
"July 21, 2016",87
"July 20, 2019",93
"July 20, 2018",92
"July 20, 2018",133
"July 20, 2018",112
"July 20, 2017",84
"July 2, 2018",100
"July 2, 2018",88
"July 2, 2017",83
"July 19, 2019",81
"July 19, 2019",77
"July 19, 2018",85
"July 19, 2018",84
"July 19, 2018",118
"July 19, 2018",99
"July 19, 2018",109
"July 19, 2018",103
"July 19, 2018",94
"July 18, 2019",98
"July 18, 2019",97
"July 18, 2018",105
"July 18, 2018",101
"July 18, 2017",63
"July 18, 2017",94
"July 17, 2019",136
"July 17, 2018",103
"July 17, 2017",116
"July 17, 2015",92
"July 16, 2019",161
"July 16, 2019",32
"July 16, 2019",107
"July 16, 2019",98
"July 16, 2019",83
"July 15, 2019",77
"July 15, 2018",86
"July 15, 2018",91
"July 15, 2018",95
"July 15, 2018",99
"July 15, 2018",90
"July 15, 2018",88
"July 15, 2018",85
"July 15, 2018",98
"July 15, 2018",94
"July 15, 2018",95
"July 15, 2018",108
"July 15, 2018",87
"July 15, 2018",95
"July 15, 2018",108
"July 15, 2017",104
"July 15, 2017",143
"July 15, 2017",116
"July 15, 2016",106
"July 15, 2016",100
"July 15, 2016",101
"July 15, 2016",117
"July 15, 2015",155
"July 15, 2012",120
"July 14, 2018",110
"July 14, 2017",14
"July 14, 2017",108
"July 14, 2016",114
"July 14, 2015",78
"July 13, 2019",133
"July 13, 2018",113
"July 13, 2018",71
"July 13, 2018",75
"July 13, 2018",75
"July 13, 2018",97
"July 13, 2017",59
"July 13, 2017",99
"July 13, 2017",74
"July 12, 2019",105
"July 12, 2019",79
"July 12, 2019",106
"July 12, 2019",90
"July 12, 2019",87
"July 12, 2019",95
"July 11, 2018",83
"July 11, 2014",80
"July 10, 2017",103
"July 10, 2016",94
"July 10, 2015",92
"July 1, 2019",112
"July 1, 2019",97
"July 1, 2019",106
"July 1, 2019",66
"July 1, 2019",106
"July 1, 2019",110
"July 1, 2019",102
"July 1, 2019",105
"July 1, 2019",112
"July 1, 2019",96
"July 1, 2019",97
"July 1, 2019",113
"July 1, 2019",53
"July 1, 2019",54
"July 1, 2019",53
"July 1, 2019",54
"July 1, 2019",113
"July 1, 2019",53
"July 1, 2019",53
"July 1, 2019",52
"July 1, 2019",54
"July 1, 2019",54
"July 1, 2019",53
"July 1, 2019",53
"July 1, 2019",53
"July 1, 2019",91
"July 1, 2019",126
"July 1, 2019",99
"July 1, 2019",134
"July 1, 2019",26
"July 1, 2019",117
"July 1, 2019",89
"July 1, 2019",94
"July 1, 2019",101
"July 1, 2019",94
"July 1, 2019",99
"July 1, 2019",114
"July 1, 2019",48
"July 1, 2019",118
"July 1, 2019",119
"July 1, 2019",104
"July 1, 2019",98
"July 1, 2019",93
"July 1, 2019",90
"July 1, 2018",128
"July 1, 2018",122
"July 1, 2018",60
"July 1, 2018",126
"July 1, 2018",166
"July 1, 2018",113
"July 1, 2018",88
"July 1, 2018",151
"July 1, 2018",107
"July 1, 2018",42
"July 1, 2018",94
"July 1, 2018",130
"July 1, 2018",87
"July 1, 2018",116
"July 1, 2018",77
"July 1, 2018",117
"July 1, 2018",84
"July 1, 2018",92
"July 1, 2018",130
"July 1, 2018",89
"July 1, 2018",109
"July 1, 2018",104
"July 1, 2018",114
"July 1, 2018",133
"July 1, 2018",101
"July 1, 2018",137
"July 1, 2018",88
"July 1, 2018",88
"July 1, 2018",115
"July 1, 2018",104
"July 1, 2018",114
"July 1, 2018",128
"July 1, 2018",125
"July 1, 2018",102
"July 1, 2018",94
"July 1, 2017",89
"July 1, 2017",97
"July 1, 2017",95
"July 1, 2017",106
"July 1, 2017",116
"July 1, 2017",91
"July 1, 2017",90
"July 1, 2017",86
"July 1, 2017",97
"July 1, 2017",170
"July 1, 2017",153
"July 1, 2017",104
"July 1, 2017",162
"July 1, 2017",163
"July 1, 2017",106
"July 1, 2017",108
"July 1, 2017",130
"July 1, 2017",133
"July 1, 2017",148
"July 1, 2017",105
"July 1, 2016",87
"July 1, 2016",81
"July 1, 2016",96
"July 1, 2016",52
"July 1, 2016",114
"July 1, 2016",105
"July 1, 2016",157
"January 9, 2020",97
"January 9, 2019",91
"January 9, 2019",117
"January 9, 2019",135
"January 9, 2019",135
"January 9, 2019",91
"January 9, 2018",63
"January 9, 2018",135
"January 8, 2019",95
"January 8, 2018",112
"January 8, 2016",74
"January 7, 2020",92
"January 7, 2020",102
"January 7, 2020",103
"January 7, 2019",95
"January 7, 2019",82
"January 7, 2017",94
"January 7, 2017",84
"January 6, 2018",88
"January 6, 2017",98
"January 6, 2017",22
"January 6, 2017",141
"January 5, 2019",124
"January 5, 2019",86
"January 5, 2019",115
"January 5, 2019",99
"January 5, 2019",101
"January 5, 2019",142
"January 5, 2018",97
"January 5, 2018",83
"January 5, 2017",95
"January 5, 2017",117
"January 5, 2017",100
"January 4, 2019",102
"January 4, 2019",95
"January 4, 2017",75
"January 31, 2019",92
"January 31, 2019",110
"January 31, 2019",120
"January 31, 2019",123
"January 31, 2018",96
"January 31, 2017",78
"January 31, 2017",87
"January 30, 2019",141
"January 30, 2019",97
"January 30, 2019",118
"January 30, 2019",95
"January 30, 2019",127
"January 30, 2018",69
"January 30, 2018",74
"January 3, 2020",90
"January 3, 2020",156
"January 3, 2020",103
"January 3, 2019",120
"January 3, 2019",96
"January 3, 2017",69
"January 29, 2019",118
"January 29, 2019",74
"January 29, 2019",137
"January 29, 2019",86
"January 29, 2018",108
"January 29, 2017",99
"January 28, 2019",125
"January 28, 2019",114
"January 28, 2019",143
"January 28, 2019",121
"January 28, 2019",119
"January 27, 2017",91
"January 26, 2019",108
"January 26, 2019",150
"January 26, 2018",102
"January 26, 2018",61
"January 26, 2018",85
"January 26, 2018",49
"January 25, 2019",88
"January 25, 2019",105
"January 25, 2018",87
"January 25, 2017",102
"January 24, 2019",97
"January 24, 2019",96
"January 24, 2018",85
"January 24, 2018",59
"January 24, 2018",97
"January 24, 2017",67
"January 24, 2014",93
"January 23, 2019",91
"January 23, 2018",104
"January 23, 2018",77
"January 23, 2018",63
"January 23, 2017",57
"January 22, 2018",86
"January 22, 2016",92
"January 20, 2017",78
"January 20, 2017",130
"January 20, 2017",80
"January 2, 2020",129
"January 2, 2019",92
"January 2, 2018",86
"January 19, 2019",49
"January 19, 2018",62
"January 19, 2018",108
"January 19, 2018",95
"January 19, 2017",90
"January 18, 2020",91
"January 18, 2019",96
"January 18, 2019",96
"January 18, 2019",90
"January 18, 2019",97
"January 18, 2018",99
"January 18, 2017",93
"January 17, 2018",62
"January 17, 2017",66
"January 17, 2017",93
"January 17, 2014",105
"January 16, 2020",78
"January 16, 2020",109
"January 16, 2020",95
"January 16, 2020",86
"January 16, 2020",132
"January 16, 2020",107
"January 16, 2020",122
"January 16, 2019",94
"January 16, 2018",106
"January 16, 2018",117
"January 16, 2017",119
"January 16, 2017",90
"January 15, 2020",88
"January 15, 2020",95
"January 15, 2020",108
"January 15, 2020",99
"January 15, 2020",95
"January 15, 2020",103
"January 15, 2020",89
"January 15, 2019",88
"January 15, 2019",118
"January 15, 2019",86
"January 15, 2019",127
"January 15, 2019",88
"January 15, 2019",125
"January 15, 2019",116
"January 15, 2019",102
"January 15, 2019",65
"January 15, 2019",106
"January 15, 2019",117
"January 15, 2018",94
"January 15, 2018",147
"January 15, 2018",89
"January 15, 2018",89
"January 15, 2018",111
"January 15, 2018",118
"January 15, 2018",153
"January 15, 2018",87
"January 15, 2018",122
"January 15, 2018",97
"January 15, 2018",121
"January 15, 2017",105
"January 15, 2017",83
"January 15, 2017",84
"January 15, 2017",98
"January 15, 2017",91
"January 15, 2017",89
"January 15, 2017",90
"January 15, 2017",123
"January 15, 2016",107
"January 15, 2016",108
"January 14, 2020",66
"January 14, 2020",137
"January 14, 2020",132
"January 14, 2017",117
"January 14, 2017",100
"January 14, 2017",91
"January 14, 2017",87
"January 13, 2020",131
"January 13, 2019",93
"January 13, 2019",136
"January 13, 2019",116
"January 13, 2017",146
"January 13, 2017",104
"January 12, 2020",56
"January 12, 2020",128
"January 12, 2019",121
"January 12, 2019",89
"January 12, 2018",124
"January 12, 2018",68
"January 12, 2018",94
"January 12, 2018",71
"January 12, 2017",85
"January 12, 2017",109
"January 11, 2020",88
"January 11, 2019",104
"January 11, 2019",91
"January 11, 2019",99
"January 11, 2018",76
"January 10, 2020",119
"January 10, 2020",85
"January 10, 2020",86
"January 10, 2020",85
"January 10, 2018",89
"January 10, 2018",92
"January 10, 2017",74
"January 1, 2020",123
"January 1, 2020",95
"January 1, 2020",45
"January 1, 2020",122
"January 1, 2020",98
"January 1, 2020",106
"January 1, 2020",139
"January 1, 2020",87
"January 1, 2020",105
"January 1, 2020",142
"January 1, 2020",116
"January 1, 2020",115
"January 1, 2020",113
"January 1, 2020",146
"January 1, 2020",96
"January 1, 2020",130
"January 1, 2020",108
"January 1, 2020",85
"January 1, 2020",137
"January 1, 2020",115
"January 1, 2020",127
"January 1, 2020",103
"January 1, 2020",97
"January 1, 2020",84
"January 1, 2020",96
"January 1, 2020",80
"January 1, 2020",98
"January 1, 2020",90
"January 1, 2020",93
"January 1, 2020",112
"January 1, 2020",97
"January 1, 2020",79
"January 1, 2020",78
"January 1, 2020",110
"January 1, 2020",145
"January 1, 2020",139
"January 1, 2020",116
"January 1, 2020",88
"January 1, 2020",118
"January 1, 2020",97
"January 1, 2020",148
"January 1, 2020",122
"January 1, 2020",71
"January 1, 2020",83
"January 1, 2020",123
"January 1, 2020",118
"January 1, 2020",111
"January 1, 2020",137
"January 1, 2020",114
"January 1, 2020",116
"January 1, 2020",109
"January 1, 2020",97
"January 1, 2020",189
"January 1, 2020",155
"January 1, 2020",112
"January 1, 2020",101
"January 1, 2020",97
"January 1, 2020",102
"January 1, 2020",91
"January 1, 2020",119
"January 1, 2020",86
"January 1, 2020",117
"January 1, 2020",102
"January 1, 2020",97
"January 1, 2020",88
"January 1, 2020",97
"January 1, 2020",88
"January 1, 2020",90
"January 1, 2020",83
"January 1, 2020",107
"January 1, 2020",89
"January 1, 2020",95
"January 1, 2020",85
"January 1, 2020",78
"January 1, 2020",116
"January 1, 2020",88
"January 1, 2020",109
"January 1, 2020",115
"January 1, 2020",89
"January 1, 2020",101
"January 1, 2020",112
"January 1, 2020",104
"January 1, 2020",95
"January 1, 2020",82
"January 1, 2020",99
"January 1, 2020",201
"January 1, 2020",179
"January 1, 2020",138
"January 1, 2020",85
"January 1, 2020",138
"January 1, 2020",111
"January 1, 2020",124
"January 1, 2020",116
"January 1, 2020",139
"January 1, 2020",96
"January 1, 2020",104
"January 1, 2020",101
"January 1, 2020",99
"January 1, 2020",128
"January 1, 2020",110
"January 1, 2020",130
"January 1, 2020",106
"January 1, 2020",100
"January 1, 2020",191
"January 1, 2020",104
"January 1, 2019",110
"January 1, 2019",133
"January 1, 2019",143
"January 1, 2019",111
"January 1, 2019",144
"January 1, 2019",121
"January 1, 2019",99
"January 1, 2019",93
"January 1, 2019",100
"January 1, 2019",102
"January 1, 2019",123
"January 1, 2019",127
"January 1, 2019",116
"January 1, 2019",119
"January 1, 2019",105
"January 1, 2019",134
"January 1, 2019",90
"January 1, 2019",93
"January 1, 2019",93
"January 1, 2019",108
"January 1, 2019",115
"January 1, 2019",119
"January 1, 2019",61
"January 1, 2019",109
"January 1, 2019",97
"January 1, 2019",154
"January 1, 2019",120
"January 1, 2019",148
"January 1, 2019",121
"January 1, 2019",95
"January 1, 2019",102
"January 1, 2019",87
"January 1, 2019",114
"January 1, 2019",48
"January 1, 2019",124
"January 1, 2019",101
"January 1, 2018",126
"January 1, 2018",133
"January 1, 2018",91
"January 1, 2018",104
"January 1, 2018",105
"January 1, 2018",123
"January 1, 2018",89
"January 1, 2018",102
"January 1, 2018",102
"January 1, 2018",91
"January 1, 2018",87
"January 1, 2018",103
"January 1, 2018",193
"January 1, 2018",176
"January 1, 2018",124
"January 1, 2018",135
"January 1, 2018",106
"January 1, 2018",133
"January 1, 2018",107
"January 1, 2018",78
"January 1, 2018",192
"January 1, 2018",55
"January 1, 2018",132
"January 1, 2018",148
"January 1, 2018",46
"January 1, 2018",46
"January 1, 2018",46
"January 1, 2018",74
"January 1, 2018",46
"January 1, 2018",114
"January 1, 2018",117
"January 1, 2018",108
"January 1, 2018",97
"January 1, 2018",122
"January 1, 2018",115
"January 1, 2018",104
"January 1, 2018",140
"January 1, 2018",101
"January 1, 2018",99
"January 1, 2018",102
"January 1, 2018",94
"January 1, 2018",92
"January 1, 2018",125
"January 1, 2018",151
"January 1, 2017",97
"January 1, 2017",92
"January 1, 2017",92
"January 1, 2017",85
"January 1, 2017",83
"January 1, 2017",118
"January 1, 2017",84
"January 1, 2017",146
"January 1, 2016",55
"January 1, 2016",24
"January 1, 2008",81
"February 9, 2019",111
"February 9, 2018",96
"February 9, 2018",95
"February 9, 2018",97
"February 8, 2019",93
"February 8, 2019",91
"February 8, 2019",118
"February 8, 2019",63
"February 8, 2019",74
"February 8, 2019",136
"February 8, 2018",94
"February 8, 2017",91
"February 8, 2017",79
"February 8, 2017",93
"February 7, 2019",90
"February 7, 2017",54
"February 6, 2019",132
"February 6, 2019",101
"February 6, 2018",84
"February 6, 2018",91
"February 6, 2016",94
"February 5, 2019",59
"February 5, 2018",97
"February 5, 2018",102
"February 5, 2018",93
"February 5, 2017",109
"February 5, 2016",68
"February 4, 2018",105
"February 4, 2017",93
"February 4, 2016",72
"February 3, 2017",78
"February 3, 2017",86
"February 28, 2019",66
"February 28, 2019",106
"February 28, 2019",125
"February 28, 2019",77
"February 28, 2018",87
"February 28, 2018",110
"February 28, 2017",110
"February 28, 2017",71
"February 28, 2017",108
"February 27, 2019",130
"February 27, 2019",119
"February 27, 2019",110
"February 27, 2019",120
"February 27, 2019",102
"February 27, 2019",125
"February 27, 2019",103
"February 27, 2019",127
"February 27, 2019",121
"February 27, 2019",101
"February 27, 2019",113
"February 27, 2019",118
"February 27, 2019",132
"February 27, 2019",106
"February 27, 2019",116
"February 27, 2019",117
"February 27, 2018",67
"February 27, 2017",123
"February 27, 2015",83
"February 26, 2019",90
"February 26, 2019",61
"February 26, 2018",92
"February 26, 2018",96
"February 26, 2018",92
"February 26, 2017",97
"February 26, 2016",101
"February 25, 2019",90
"February 25, 2019",107
"February 25, 2019",80
"February 25, 2018",105
"February 25, 2017",99
"February 24, 2019",58
"February 24, 2019",58
"February 24, 2019",56
"February 24, 2017",97
"February 24, 2016",74
"February 23, 2019",110
"February 23, 2018",127
"February 23, 2017",100
"February 22, 2019",70
"February 22, 2019",117
"February 22, 2019",89
"February 22, 2019",84
"February 22, 2019",131
"February 22, 2019",91
"February 22, 2019",103
"February 22, 2019",100
"February 22, 2017",75
"February 22, 2017",54
"February 22, 2017",54
"February 22, 2017",55
"February 22, 2017",54
"February 22, 2017",55
"February 21, 2019",139
"February 21, 2019",103
"February 21, 2018",109
"February 21, 2018",150
"February 21, 2018",100
"February 21, 2017",67
"February 21, 2012",76
"February 20, 2019",42
"February 20, 2019",79
"February 20, 2018",93
"February 20, 2017",129
"February 2, 2019",84
"February 2, 2019",91
"February 2, 2019",93
"February 2, 2019",91
"February 2, 2018",116
"February 2, 2018",102
"February 2, 2017",94
"February 19, 2019",90
"February 19, 2019",88
"February 19, 2018",87
"February 19, 2018",134
"February 19, 2018",118
"February 19, 2017",105
"February 19, 2017",78
"February 19, 2017",99
"February 18, 2017",96
"February 18, 2016",44
"February 18, 2016",43
"February 17, 2019",96
"February 17, 2018",85
"February 17, 2017",95
"February 17, 2017",87
"February 17, 2017",134
"February 17, 2017",119
"February 17, 2017",128
"February 16, 2019",114
"February 16, 2019",89
"February 16, 2018",60
"February 16, 2018",96
"February 16, 2017",128
"February 16, 2017",91
"February 16, 2014",72
"February 15, 2019",103
"February 15, 2019",127
"February 15, 2019",113
"February 15, 2019",111
"February 15, 2019",112
"February 15, 2019",103
"February 15, 2019",104
"February 15, 2019",102
"February 15, 2019",86
"February 15, 2019",97
"February 15, 2019",111
"February 15, 2019",132
"February 15, 2019",89
"February 15, 2019",102
"February 15, 2019",120
"February 15, 2019",137
"February 15, 2019",82
"February 15, 2019",85
"February 15, 2019",115
"February 15, 2019",107
"February 15, 2019",130
"February 15, 2018",133
"February 15, 2018",118
"February 15, 2018",150
"February 15, 2018",132
"February 15, 2018",121
"February 15, 2018",127
"February 15, 2018",152
"February 15, 2018",126
"February 15, 2018",104
"February 15, 2018",162
"February 15, 2018",120
"February 15, 2017",109
"February 15, 2017",79
"February 15, 2017",88
"February 15, 2017",92
"February 15, 2017",88
"February 14, 2019",57
"February 14, 2019",62
"February 14, 2018",65
"February 14, 2018",133
"February 14, 2017",71
"February 14, 2017",64
"February 14, 2017",83
"February 14, 2016",95
"February 13, 2019",112
"February 12, 2019",102
"February 12, 2017",124
"February 11, 2019",93
"February 11, 2017",123
"February 10, 2017",97
"February 1, 2019",101
"February 1, 2019",110
"February 1, 2019",82
"February 1, 2019",100
"February 1, 2019",52
"February 1, 2019",127
"February 1, 2019",86
"February 1, 2019",107
"February 1, 2019",22
"February 1, 2019",22
"February 1, 2019",91
"February 1, 2019",99
"February 1, 2019",105
"February 1, 2019",105
"February 1, 2019",88
"February 1, 2019",128
"February 1, 2019",113
"February 1, 2019",50
"February 1, 2018",81
"February 1, 2018",93
"February 1, 2018",97
"February 1, 2018",94
"February 1, 2018",110
"February 1, 2018",88
"February 1, 2018",143
"February 1, 2018",42
"February 1, 2018",117
"February 1, 2018",96
"February 1, 2017",116
"February 1, 2017",154
"February 1, 2017",179
"February 1, 2017",93
"February 1, 2017",97
"February 1, 2017",99
"February 1, 2017",104
"February 1, 2017",94
"February 1, 2017",111
"February 1, 2017",108
"February 1, 2017",92
"December 9, 2019",29
"December 9, 2019",92
"December 9, 2018",85
"December 9, 2016",38
"December 9, 2016",108
"December 9, 2015",74
"December 8, 2019",93
"December 8, 2019",172
"December 8, 2018",75
"December 8, 2018",90
"December 8, 2018",105
"December 8, 2018",124
"December 8, 2018",110
"December 8, 2017",102
"December 8, 2017",102
"December 8, 2017",89
"December 8, 2017",162
"December 8, 2017",147
"December 8, 2017",224
"December 8, 2017",137
"December 8, 2017",109
"December 8, 2017",163
"December 8, 2017",162
"December 8, 2017",104
"December 8, 2016",90
"December 8, 2016",97
"December 7, 2019",108
"December 7, 2019",97
"December 7, 2018",96
"December 7, 2018",110
"December 7, 2018",105
"December 7, 2018",98
"December 6, 2019",108
"December 6, 2019",137
"December 6, 2019",106
"December 6, 2019",115
"December 6, 2019",120
"December 6, 2019",92
"December 6, 2019",93
"December 6, 2018",111
"December 6, 2017",27
"December 6, 2016",81
"December 6, 2016",70
"December 6, 2016",62
"December 6, 2016",104
"December 5, 2018",116
"December 5, 2017",67
"December 5, 2016",97
"December 5, 2014",81
"December 4, 2019",109
"December 4, 2018",106
"December 4, 2018",109
"December 4, 2016",99
"December 4, 2015",57
"December 31, 2019",164
"December 31, 2019",99
"December 31, 2019",122
"December 31, 2019",85
"December 31, 2019",172
"December 31, 2019",134
"December 31, 2019",95
"December 31, 2019",125
"December 31, 2019",121
"December 31, 2019",151
"December 31, 2019",114
"December 31, 2019",168
"December 31, 2019",132
"December 31, 2019",132
"December 31, 2019",87
"December 31, 2019",127
"December 31, 2019",97
"December 31, 2019",128
"December 31, 2019",133
"December 31, 2019",158
"December 31, 2019",151
"December 31, 2019",163
"December 31, 2019",161
"December 31, 2019",137
"December 31, 2019",130
"December 31, 2019",148
"December 31, 2019",124
"December 31, 2019",156
"December 31, 2019",89
"December 31, 2019",163
"December 31, 2019",132
"December 31, 2019",125
"December 31, 2019",133
"December 31, 2019",173
"December 31, 2019",140
"December 31, 2019",120
"December 31, 2019",115
"December 31, 2019",126
"December 31, 2019",137
"December 31, 2019",138
"December 31, 2019",158
"December 31, 2019",171
"December 31, 2019",96
"December 31, 2019",104
"December 31, 2019",178
"December 31, 2019",154
"December 31, 2019",114
"December 31, 2019",136
"December 31, 2019",118
"December 31, 2019",137
"December 31, 2019",228
"December 31, 2019",153
"December 31, 2019",168
"December 31, 2019",123
"December 31, 2019",121
"December 31, 2019",161
"December 31, 2019",128
"December 31, 2019",119
"December 31, 2019",130
"December 31, 2019",134
"December 31, 2019",105
"December 31, 2019",130
"December 31, 2019",113
"December 31, 2019",131
"December 31, 2018",28
"December 31, 2018",61
"December 31, 2018",56
"December 31, 2018",81
"December 31, 2018",50
"December 31, 2018",49
"December 31, 2018",72
"December 31, 2018",100
"December 31, 2018",30
"December 31, 2018",146
"December 31, 2018",127
"December 31, 2018",46
"December 31, 2018",57
"December 31, 2017",86
"December 31, 2017",93
"December 31, 2017",82
"December 31, 2017",100
"December 31, 2017",53
"December 31, 2017",87
"December 31, 2016",93
"December 31, 2016",97
"December 30, 2018",90
"December 30, 2018",86
"December 30, 2017",102
"December 3, 2019",46
"December 3, 2019",56
"December 3, 2019",98
"December 3, 2019",108
"December 3, 2018",88
"December 3, 2016",96
"December 3, 2016",84
"December 29, 2019",116
"December 29, 2017",112
"December 29, 2017",105
"December 29, 2013",130
"December 28, 2018",122
"December 28, 2018",97
"December 28, 2018",109
"December 28, 2018",122
"December 28, 2018",96
"December 28, 2015",101
"December 27, 2019",102
"December 27, 2019",73
"December 27, 2019",86
"December 27, 2018",91
"December 27, 2017",106
"December 27, 2017",89
"December 26, 2019",79
"December 26, 2018",110
"December 26, 2018",115
"December 26, 2017",91
"December 26, 2017",61
"December 26, 2017",94
"December 26, 2015",29
"December 25, 2019",97
"December 25, 2019",91
"December 25, 2019",96
"December 25, 2019",103
"December 25, 2019",95
"December 25, 2019",83
"December 25, 2018",150
"December 25, 2018",90
"December 24, 2019",117
"December 24, 2019",70
"December 23, 2018",89
"December 23, 2017",80
"December 23, 2016",93
"December 23, 2016",62
"December 23, 2016",98
"December 22, 2019",90
"December 22, 2018",93
"December 22, 2018",105
"December 22, 2017",118
"December 22, 2017",141
"December 21, 2019",86
"December 21, 2019",86
"December 21, 2018",105
"December 21, 2018",124
"December 21, 2018",44
"December 21, 2018",91
"December 21, 2017",94
"December 21, 2016",92
"December 20, 2019",113
"December 20, 2019",141
"December 20, 2019",126
"December 20, 2018",95
"December 20, 2018",78
"December 20, 2018",22
"December 20, 2018",95
"December 20, 2018",82
"December 20, 2018",89
"December 20, 2017",84
"December 20, 2017",103
"December 20, 2016",22
"December 20, 2016",115
"December 20, 2016",88
"December 20, 2016",87
"December 20, 2015",78
"December 20, 2015",73
"December 20, 2015",72
"December 2, 2018",155
"December 2, 2018",119
"December 2, 2017",142
"December 2, 2017",78
"December 2, 2016",112
"December 2, 2016",90
"December 2, 2016",88
"December 19, 2018",90
"December 19, 2017",85
"December 19, 2017",69
"December 19, 2017",100
"December 19, 2017",85
"December 19, 2016",86
"December 19, 2016",94
"December 18, 2018",94
"December 18, 2017",97
"December 18, 2015",60
"December 18, 2014",48
"December 17, 2019",63
"December 17, 2018",85
"December 17, 2018",29
"December 17, 2018",96
"December 17, 2015",47
"December 17, 2014",73
"December 16, 2019",119
"December 16, 2019",136
"December 16, 2019",120
"December 16, 2018",137
"December 16, 2018",27
"December 16, 2018",112
"December 16, 2018",112
"December 16, 2018",107
"December 16, 2018",153
"December 16, 2018",123
"December 16, 2017",129
"December 16, 2016",105
"December 16, 2016",88
"December 15, 2019",110
"December 15, 2019",134
"December 15, 2019",185
"December 15, 2019",174
"December 15, 2019",169
"December 15, 2019",148
"December 15, 2019",135
"December 15, 2019",119
"December 15, 2019",81
"December 15, 2019",98
"December 15, 2019",135
"December 15, 2019",185
"December 15, 2019",156
"December 15, 2019",104
"December 15, 2019",139
"December 15, 2019",77
"December 15, 2019",140
"December 15, 2019",154
"December 15, 2018",90
"December 15, 2018",84
"December 15, 2018",87
"December 15, 2018",145
"December 15, 2017",143
"December 15, 2017",90
"December 15, 2017",92
"December 15, 2017",81
"December 15, 2017",105
"December 15, 2017",91
"December 15, 2017",111
"December 15, 2017",103
"December 15, 2017",118
"December 15, 2017",148
"December 15, 2017",75
"December 15, 2017",89
"December 15, 2017",128
"December 15, 2017",86
"December 15, 2017",83
"December 15, 2017",109
"December 15, 2017",111
"December 15, 2017",40
"December 15, 2016",93
"December 15, 2016",98
"December 15, 2016",88
"December 15, 2016",93
"December 15, 2015",70
"December 14, 2018",135
"December 14, 2018",109
"December 14, 2016",81
"December 13, 2019",129
"December 13, 2019",99
"December 13, 2019",100
"December 13, 2019",94
"December 13, 2019",95
"December 12, 2019",65
"December 12, 2017",70
"December 12, 2017",108
"December 12, 2017",106
"December 12, 2017",106
"December 12, 2016",31
"December 12, 2014",103
"December 12, 2013",100
"December 11, 2019",143
"December 11, 2018",86
"December 11, 2017",81
"December 11, 2017",94
"December 11, 2016",83
"December 11, 2015",120
"December 10, 2019",101
"December 10, 2019",60
"December 10, 2018",107
"December 10, 2018",110
"December 10, 2018",86
"December 1, 2019",86
"December 1, 2019",82
"December 1, 2019",94
"December 1, 2019",90
"December 1, 2019",95
"December 1, 2019",127
"December 1, 2019",93
"December 1, 2019",94
"December 1, 2019",120
"December 1, 2019",117
"December 1, 2019",135
"December 1, 2019",134
"December 1, 2019",104
"December 1, 2019",131
"December 1, 2019",137
"December 1, 2019",86
"December 1, 2019",93
"December 1, 2019",93
"December 1, 2019",151
"December 1, 2019",104
"December 1, 2019",133
"December 1, 2019",95
"December 1, 2019",126
"December 1, 2018",122
"December 1, 2018",87
"December 1, 2018",98
"December 1, 2018",130
"December 1, 2018",99
"December 1, 2018",105
"December 1, 2018",110
"December 1, 2018",81
"December 1, 2018",115
"December 1, 2018",113
"December 1, 2018",146
"December 1, 2018",118
"December 1, 2018",122
"December 1, 2018",109
"December 1, 2018",117
"December 1, 2018",95
"December 1, 2018",124
"December 1, 2018",96
"December 1, 2018",96
"December 1, 2018",123
"December 1, 2018",85
"December 1, 2017",26
"December 1, 2017",123
"December 1, 2017",124
"December 1, 2017",81
"December 1, 2017",97
"December 1, 2017",81
"December 1, 2017",119
"December 1, 2017",149
"December 1, 2017",106
"December 1, 2017",140
"December 1, 2017",121
"December 1, 2017",99
"December 1, 2017",96
"December 1, 2016",89
"December 1, 2016",24
"December 1, 2016",100
"December 1, 2016",116
"December 1, 2016",101
"December 1, 2016",92
"December 1, 2016",79
"December 1, 2016",72
"December 1, 2016",96
"December 1, 2015",72
"December 1, 2012",26
"August 9, 2019",107
"August 9, 2019",46
"August 9, 2018",104
"August 9, 2017",88
"August 8, 2019",91
"August 8, 2019",103
"August 8, 2017",62
"August 7, 2019",117
"August 7, 2019",76
"August 7, 2019",67
"August 7, 2017",165
"August 7, 2017",166
"August 7, 2017",166
"August 7, 2017",159
"August 7, 2017",160
"August 7, 2017",159
"August 7, 2017",93
"August 7, 2017",95
"August 6, 2019",114
"August 6, 2019",67
"August 6, 2019",77
"August 6, 2019",84
"August 6, 2019",63
"August 6, 2017",22
"August 5, 2019",99
"August 5, 2019",59
"August 5, 2019",102
"August 5, 2017",105
"August 5, 2017",101
"August 5, 2017",124
"August 5, 2017",100
"August 5, 2016",73
"August 5, 2016",107
"August 5, 2015",90
"August 4, 2018",143
"August 4, 2018",127
"August 4, 2018",100
"August 4, 2018",74
"August 4, 2017",54
"August 4, 2017",121
"August 4, 2017",103
"August 31, 2018",135
"August 31, 2018",95
"August 31, 2018",93
"August 31, 2018",101
"August 31, 2017",96
"August 30, 2019",91
"August 30, 2019",102
"August 30, 2019",100
"August 3, 2019",81
"August 3, 2018",104
"August 3, 2017",129
"August 29, 2019",81
"August 29, 2019",98
"August 29, 2019",110
"August 29, 2019",106
"August 29, 2018",90
"August 29, 2017",95
"August 29, 2017",57
"August 28, 2019",85
"August 28, 2018",112
"August 28, 2018",141
"August 28, 2018",120
"August 28, 2018",140
"August 28, 2017",92
"August 27, 2017",81
"August 26, 2019",66
"August 26, 2018",99
"August 26, 2017",98
"August 26, 2017",95
"August 26, 2016",180
"August 26, 2016",75
"August 26, 2016",92
"August 25, 2019",92
"August 25, 2018",86
"August 25, 2018",104
"August 25, 2018",100
"August 25, 2018",50
"August 25, 2018",124
"August 25, 2017",116
"August 25, 2017",100
"August 25, 2017",95
"August 25, 2016",90
"August 24, 2019",92
"August 24, 2019",91
"August 24, 2018",31
"August 24, 2018",90
"August 23, 2019",133
"August 23, 2019",135
"August 23, 2019",120
"August 23, 2019",118
"August 23, 2019",123
"August 23, 2018",196
"August 23, 2018",93
"August 23, 2017",70
"August 22, 2017",51
"August 22, 2017",94
"August 21, 2019",98
"August 21, 2019",98
"August 21, 2019",98
"August 21, 2019",104
"August 21, 2018",110
"August 21, 2018",162
"August 21, 2018",139
"August 21, 2018",130
"August 21, 2018",145
"August 21, 2017",83
"August 21, 2017",92
"August 21, 2017",88
"August 20, 2019",167
"August 20, 2017",104
"August 20, 2016",114
"August 2, 2019",145
"August 2, 2019",102
"August 2, 2019",116
"August 2, 2018",148
"August 2, 2018",127
"August 2, 2018",96
"August 2, 2018",82
"August 2, 2018",158
"August 2, 2018",124
"August 2, 2018",163
"August 2, 2018",121
"August 2, 2018",154
"August 2, 2018",127
"August 2, 2018",128
"August 2, 2018",98
"August 2, 2018",124
"August 2, 2018",109
"August 2, 2018",168
"August 2, 2018",89
"August 2, 2018",162
"August 2, 2018",159
"August 2, 2018",137
"August 2, 2018",133
"August 2, 2018",125
"August 2, 2018",127
"August 2, 2018",131
"August 2, 2018",90
"August 2, 2016",81
"August 19, 2018",88
"August 19, 2018",91
"August 19, 2018",91
"August 19, 2017",104
"August 19, 2017",124
"August 19, 2016",80
"August 18, 2018",102
"August 18, 2018",95
"August 18, 2017",113
"August 18, 2017",124
"August 17, 2018",119
"August 17, 2018",114
"August 17, 2018",100
"August 17, 2018",54
"August 17, 2017",96
"August 16, 2019",95
"August 16, 2019",117
"August 16, 2019",100
"August 16, 2019",86
"August 16, 2018",150
"August 16, 2018",108
"August 16, 2018",90
"August 16, 2018",101
"August 16, 2018",104
"August 16, 2018",88
"August 16, 2018",93
"August 16, 2018",79
"August 16, 2018",92
"August 16, 2018",90
"August 16, 2018",86
"August 16, 2018",90
"August 16, 2018",103
"August 16, 2018",86
"August 16, 2018",108
"August 16, 2018",97
"August 16, 2018",92
"August 16, 2018",101
"August 16, 2018",83
"August 16, 2018",85
"August 16, 2018",85
"August 16, 2018",106
"August 15, 2019",112
"August 15, 2019",69
"August 15, 2018",86
"August 15, 2018",131
"August 15, 2018",105
"August 15, 2018",134
"August 15, 2018",85
"August 15, 2018",203
"August 15, 2017",63
"August 15, 2017",56
"August 15, 2017",92
"August 15, 2017",91
"August 15, 2017",94
"August 15, 2016",99
"August 15, 2014",94
"August 14, 2019",119
"August 14, 2017",94
"August 14, 2015",62
"August 13, 2019",123
"August 13, 2019",93
"August 13, 2017",82
"August 13, 2016",90
"August 12, 2017",90
"August 12, 2017",71
"August 11, 2017",97
"August 11, 2016",72
"August 11, 2016",71
"August 11, 2016",77
"August 11, 2016",70
"August 10, 2018",120
"August 10, 2018",124
"August 10, 2018",95
"August 10, 2018",12
"August 10, 2017",83
"August 10, 2017",98
"August 10, 2017",92
"August 1, 2019",164
"August 1, 2019",87
"August 1, 2019",90
"August 1, 2019",106
"August 1, 2019",116
"August 1, 2019",134
"August 1, 2019",133
"August 1, 2019",118
"August 1, 2019",120
"August 1, 2019",154
"August 1, 2019",128
"August 1, 2019",115
"August 1, 2019",177
"August 1, 2019",105
"August 1, 2019",112
"August 1, 2019",120
"August 1, 2019",119
"August 1, 2019",100
"August 1, 2019",92
"August 1, 2019",104
"August 1, 2019",97
"August 1, 2019",88
"August 1, 2019",128
"August 1, 2019",130
"August 1, 2019",108
"August 1, 2019",98
"August 1, 2019",89
"August 1, 2018",89
"August 1, 2018",88
"August 1, 2018",125
"August 1, 2018",88
"August 1, 2018",94
"August 1, 2018",83
"August 1, 2018",89
"August 1, 2018",118
"August 1, 2018",109
"August 1, 2018",87
"August 1, 2018",79
"August 1, 2018",147
"August 1, 2018",92
"August 1, 2018",103
"August 1, 2018",119
"August 1, 2018",80
"August 1, 2018",110
"August 1, 2018",128
"August 1, 2018",88
"August 1, 2018",117
"August 1, 2018",98
"August 1, 2018",126
"August 1, 2018",115
"August 1, 2018",86
"August 1, 2018",108
"August 1, 2018",94
"August 1, 2018",151
"August 1, 2017",89
"August 1, 2017",92
"August 1, 2017",111
"August 1, 2017",92
"August 1, 2017",91
"August 1, 2017",172
"August 1, 2017",95
"August 1, 2017",80
"August 1, 2017",84
"August 1, 2017",97
"August 1, 2017",86
"August 1, 2017",58
"August 1, 2017",114
"August 1, 2016",86
"August 1, 2016",128
"August 1, 2016",45
"August 1, 2016",46
"April 9, 2019",94
"April 9, 2019",89
"April 9, 2018",94
"April 9, 2016",116
"April 8, 2019",131
"April 8, 2017",119
"April 8, 2016",82
"April 7, 2019",170
"April 7, 2018",93
"April 7, 2017",110
"April 7, 2017",89
"April 6, 2019",91
"April 6, 2019",128
"April 6, 2018",75
"April 6, 2018",96
"April 6, 2018",95
"April 6, 2018",32
"April 6, 2018",70
"April 6, 2018",94
"April 6, 2018",117
"April 6, 2018",78
"April 6, 2017",76
"April 5, 2019",88
"April 5, 2019",97
"April 5, 2019",110
"April 5, 2019",170
"April 5, 2019",92
"April 5, 2018",100
"April 5, 2018",91
"April 4, 2018",115
"April 4, 2018",122
"April 4, 2018",107
"April 4, 2018",109
"April 4, 2018",104
"April 4, 2018",95
"April 4, 2018",100
"April 4, 2018",93
"April 4, 2018",104
"April 4, 2018",134
"April 30, 2019",92
"April 30, 2019",64
"April 30, 2019",72
"April 30, 2018",112
"April 30, 2018",115
"April 30, 2018",92
"April 3, 2019",113
"April 3, 2019",126
"April 3, 2018",75
"April 3, 2018",100
"April 3, 2018",105
"April 29, 2019",148
"April 29, 2019",110
"April 29, 2019",119
"April 29, 2016",101
"April 28, 2017",53
"April 28, 2017",95
"April 27, 2019",163
"April 27, 2018",93
"April 27, 2018",95
"April 27, 2018",117
"April 26, 2019",125
"April 26, 2019",87
"April 26, 2019",96
"April 26, 2019",91
"April 26, 2019",122
"April 26, 2019",125
"April 26, 2019",95
"April 26, 2019",99
"April 26, 2018",66
"April 26, 2018",110
"April 26, 2017",95
"April 25, 2019",98
"April 25, 2019",90
"April 25, 2019",97
"April 25, 2019",97
"April 25, 2019",86
"April 25, 2019",114
"April 25, 2019",96
"April 25, 2018",97
"April 25, 2018",78
"April 25, 2018",102
"April 25, 2017",149
"April 25, 2017",106
"April 25, 2017",108
"April 25, 2017",66
"April 24, 2019",99
"April 24, 2019",88
"April 24, 2018",62
"April 24, 2018",90
"April 22, 2017",54
"April 22, 2017",55
"April 22, 2017",55
"April 22, 2017",55
"April 22, 2017",55
"April 21, 2017",113
"April 21, 2017",83
"April 20, 2019",168
"April 20, 2019",89
"April 20, 2018",97
"April 20, 2018",105
"April 20, 2016",76
"April 2, 2019",86
"April 2, 2019",120
"April 2, 2019",76
"April 2, 2019",60
"April 2, 2017",103
"April 2, 2017",101
"April 19, 2019",90
"April 19, 2019",100
"April 19, 2019",102
"April 19, 2019",98
"April 19, 2019",92
"April 19, 2019",116
"April 19, 2019",111
"April 19, 2018",90
"April 19, 2018",129
"April 19, 2017",53
"April 18, 2019",91
"April 18, 2019",99
"April 18, 2019",99
"April 18, 2019",98
"April 18, 2019",73
"April 18, 2018",92
"April 18, 2017",95
"April 18, 2017",50
"April 17, 2019",113
"April 17, 2019",153
"April 17, 2019",81
"April 17, 2019",54
"April 17, 2015",84
"April 16, 2019",93
"April 16, 2019",123
"April 16, 2019",96
"April 16, 2019",101
"April 16, 2019",53
"April 16, 2018",109
"April 16, 2018",77
"April 16, 2017",97
"April 15, 2019",102
"April 15, 2019",141
"April 15, 2019",111
"April 15, 2019",131
"April 15, 2019",116
"April 15, 2019",119
"April 15, 2019",146
"April 15, 2019",101
"April 15, 2019",82
"April 15, 2018",107
"April 15, 2018",69
"April 15, 2018",87
"April 15, 2017",92
"April 15, 2017",97
"April 15, 2017",105
"April 15, 2017",107
"April 15, 2017",99
"April 15, 2017",101
"April 15, 2016",95
"April 15, 2016",127
"April 15, 2016",86
"April 14, 2019",90
"April 14, 2019",87
"April 14, 2018",99
"April 14, 2017",81
"April 14, 2017",92
"April 14, 2017",131
"April 14, 2017",111
"April 14, 2017",99
"April 13, 2019",95
"April 13, 2019",94
"April 13, 2018",105
"April 13, 2018",99
"April 12, 2019",129
"April 12, 2019",94
"April 12, 2019",103
"April 12, 2019",133
"April 12, 2019",135
"April 12, 2019",85
"April 12, 2019",91
"April 12, 2018",108
"April 12, 2017",101
"April 11, 2017",96
"April 10, 2019",105
"April 10, 2019",59
"April 10, 2019",91
"April 10, 2018",66
"April 10, 2017",85
"April 1, 2019",118
"April 1, 2019",88
"April 1, 2019",55
"April 1, 2019",110
"April 1, 2019",113
"April 1, 2019",110
"April 1, 2019",94
"April 1, 2019",54
"April 1, 2019",53
"April 1, 2019",103
"April 1, 2019",126
"April 1, 2019",89
"April 1, 2019",124
"April 1, 2019",128
"April 1, 2019",88
"April 1, 2019",83
"April 1, 2019",96
"April 1, 2019",118
"April 1, 2019",91
"April 1, 2019",91
"April 1, 2019",53
"April 1, 2019",103
"April 1, 2018",104
"April 1, 2018",101
"April 1, 2018",96
"April 1, 2018",80
"April 1, 2018",75
"April 1, 2018",75
"April 1, 2018",79
"April 1, 2018",78
"April 1, 2018",75
"April 1, 2018",78
"April 1, 2018",166
"April 1, 2018",90
"April 1, 2018",132
"April 1, 2018",91
"April 1, 2018",117
"April 1, 2018",103
"April 1, 2018",176
"April 1, 2018",116
"April 1, 2018",60
"April 1, 2018",149
"April 1, 2018",86
"April 1, 2018",171
"April 1, 2018",103
"April 1, 2018",116
"April 1, 2018",169
"April 1, 2018",134
"April 1, 2018",159
"April 1, 2018",130
"April 1, 2018",103
"April 1, 2018",173
"April 1, 2018",195
"April 1, 2018",111
"April 1, 2018",99
"April 1, 2018",110
"April 1, 2018",94
"April 1, 2017",98
"April 1, 2017",74
"April 1, 2017",156
"April 1, 2017",88
"April 1, 2017",70
"April 1, 2017",88
"April 1, 2017",93
"April 1, 2017",143
"April 1, 2017",83
"April 1, 2017",107
"April 1, 2017",93
"April 1, 2017",134
"April 1, 2017",78
"April 1, 2017",81
"April 1, 2017",106
"April 1, 2016",102
"April 1, 2016",88
"April 1, 2016",109
