genre,count
"Dramas, International Movies",237
Stand-Up Comedy,234
"Dramas, Independent Movies, International Movies",184
"Comedies, Dramas, International Movies",168
Documentaries,136
"Children & Family Movies, Comedies",118
"Comedies, International Movies",110
"Dramas, International Movies, Romantic Movies",103
"Action & Adventure, Dramas, International Movies",99
"Comedies, International Movies, Romantic Movies",93
"Dramas, International Movies, Thrillers",90
Children & Family Movies,90
Dramas,85
"Comedies, Dramas, Independent Movies",75
"Action & Adventure, International Movies",73
Comedies,68
Action & Adventure,68
"Dramas, Independent Movies",68
"Action & Adventure, Comedies, International Movies",55
"Documentaries, International Movies",54
"Dramas, Thrillers",54
"Action & Adventure, Sci-Fi & Fantasy",49
"Horror Movies, International Movies",47
"Comedies, Romantic Movies",43
"Dramas, International Movies, Music & Musicals",42
"Horror Movies, Thrillers",41
Thrillers,40
Horror Movies,39
"Comedies, International Movies, Music & Musicals",38
"International Movies, Thrillers",36
"Documentaries, Music & Musicals",34
"Action & Adventure, Comedies",30
"Documentaries, Sports Movies",27
"Horror Movies, International Movies, Thrillers",26
"Action & Adventure, Anime Features, International Movies",25
"Dramas, Romantic Movies",25
"Action & Adventure, Dramas",23
Movies,20
"Comedies, Dramas",19
"Comedies, Independent Movies",18
"Dramas, International Movies, Sports Movies",18
"Dramas, Independent Movies, Thrillers",17
"Action & Adventure, Comedies, Dramas",17
"Comedies, Independent Movies, International Movies",16
"Children & Family Movies, Dramas",16
"International Movies, Romantic Movies",15
"Horror Movies, Independent Movies",15
"Documentaries, International Movies, Sports Movies",14
"Dramas, Independent Movies, LGBTQ Movies",14
"Dramas, Independent Movies, Romantic Movies",14
"Action & Adventure, International Movies, Sci-Fi & Fantasy",14
"Dramas, Sports Movies",14
"Horror Movies, Independent Movies, Thrillers",13
"Dramas, International Movies, Sci-Fi & Fantasy",11
"Children & Family Movies, Music & Musicals",11
"Comedies, Horror Movies, International Movies",11
"Dramas, Faith & Spirituality",11
"Independent Movies, Thrillers",11
"Action & Adventure, Dramas, Independent Movies",11
"Comedies, Cult Movies",10
"Action & Adventure, International Movies, Music & Musicals",10
"Documentaries, International Movies, Music & Musicals",10
"Sci-Fi & Fantasy, Thrillers",9
"Comedies, Dramas, Romantic Movies",9
"Dramas, Faith & Spirituality, International Movies",9
"Horror Movies, Independent Movies, International Movies",9
"Classic Movies, Dramas",8
"Classic Movies, Dramas, International Movies",8
"International Movies, Sci-Fi & Fantasy, Thrillers",8
"Children & Family Movies, Comedies, Dramas",7
"Children & Family Movies, Dramas, Sports Movies",7
"Action & Adventure, Comedies, Sci-Fi & Fantasy",7
"Action & Adventure, Independent Movies",7
"Children & Family Movies, Comedies, Romantic Movies",7
"Comedies, Independent Movies, Romantic Movies",7
"Comedies, International Movies, Sci-Fi & Fantasy",6
"Comedies, Sports Movies",6
"Dramas, International Movies, LGBTQ Movies",6
"Comedies, International Movies, Sports Movies",6
"Comedies, Cult Movies, Dramas",6
"Dramas, Independent Movies, Sci-Fi & Fantasy",6
"Comedies, Horror Movies",6
"Dramas, Independent Movies, Sports Movies",6
"Children & Family Movies, Comedies, Music & Musicals",5
"Classic Movies, Dramas, Independent Movies",5
"Children & Family Movies, Sci-Fi & Fantasy",5
"International Movies, Music & Musicals, Romantic Movies",5
"Horror Movies, Sci-Fi & Fantasy, Thrillers",5
"Action & Adventure, Horror Movies, Sci-Fi & Fantasy",5
"Classic Movies, Documentaries",5
"Comedies, Horror Movies, Independent Movies",5
"Action & Adventure, Children & Family Movies, Sci-Fi & Fantasy",5
"Documentaries, LGBTQ Movies",5
"Action & Adventure, Independent Movies, Sci-Fi & Fantasy",5
"Music & Musicals, Stand-Up Comedy",5
"Action & Adventure, Comedies, Independent Movies",5
"Action & Adventure, Dramas, Sci-Fi & Fantasy",5
"Documentaries, Faith & Spirituality",5
"Children & Family Movies, Comedies, Sci-Fi & Fantasy",5
"Action & Adventure, Anime Features, Sci-Fi & Fantasy",5
"Dramas, Sci-Fi & Fantasy, Thrillers",5
"Children & Family Movies, Dramas, Romantic Movies",4
"Dramas, Romantic Movies, Sci-Fi & Fantasy",4
"Action & Adventure, Cult Movies, International Movies",4
"Independent Movies, International Movies, Thrillers",4
"Comedies, Music & Musicals",4
"Action & Adventure, Horror Movies, International Movies",4
"Action & Adventure, Romantic Movies",4
"Dramas, Independent Movies, Music & Musicals",4
"Comedies, International Movies, Thrillers",4
"Action & Adventure, Classic Movies, Dramas",4
"Children & Family Movies, Dramas, International Movies",4
Music & Musicals,4
"Dramas, Romantic Movies, Sports Movies",3
"Comedies, Dramas, LGBTQ Movies",3
"Comedies, Horror Movies, Sci-Fi & Fantasy",3
"Anime Features, Children & Family Movies",3
"Children & Family Movies, Classic Movies, Comedies",3
"Comedies, Faith & Spirituality, International Movies",3
"Comedies, Sci-Fi & Fantasy",3
"Cult Movies, Horror Movies",3
"Comedies, International Movies, LGBTQ Movies",3
"Comedies, Independent Movies, LGBTQ Movies",3
"Action & Adventure, International Movies, Romantic Movies",3
"Action & Adventure, Classic Movies, Comedies",3
"Classic Movies, Dramas, Romantic Movies",3
"Classic Movies, Comedies, Dramas",3
"International Movies, LGBTQ Movies, Romantic Movies",3
"Classic Movies, Comedies, International Movies",3
"Comedies, Cult Movies, International Movies",3
"Dramas, Sci-Fi & Fantasy",3
"Documentaries, International Movies, LGBTQ Movies",3
"Dramas, LGBTQ Movies",3
"Classic Movies, Comedies, Cult Movies",3
"Action & Adventure, Children & Family Movies, Classic Movies",3
"International Movies, Music & Musicals, Thrillers",2
"International Movies, Music & Musicals",2
"Classic Movies, Dramas, Sports Movies",2
"Comedies, Independent Movies, Thrillers",2
"Action & Adventure, Thrillers",2
"Children & Family Movies, Dramas, Independent Movies",2
"Action & Adventure, Sci-Fi & Fantasy, Thrillers",2
"Anime Features, International Movies, Romantic Movies",2
"Horror Movies, International Movies, Romantic Movies",2
"Children & Family Movies, Comedies, International Movies",2
"Action & Adventure, Classic Movies",2
"Documentaries, Stand-Up Comedy",2
"Children & Family Movies, Comedies, Sports Movies",2
"Classic Movies, Cult Movies, Horror Movies",2
"Cult Movies, Horror Movies, Independent Movies",2
"Documentaries, LGBTQ Movies, Music & Musicals",2
"Action & Adventure, International Movies, Sports Movies",2
Romantic Movies,2
"Children & Family Movies, Dramas, Faith & Spirituality",2
"Comedies, LGBTQ Movies",2
"Children & Family Movies, Classic Movies",2
"Comedies, Cult Movies, Horror Movies",2
"Comedies, Cult Movies, Independent Movies",2
"Children & Family Movies, Documentaries",2
"Horror Movies, Sci-Fi & Fantasy",2
"Comedies, Dramas, Faith & Spirituality",2
Anime Features,2
"Action & Adventure, Comedies, Romantic Movies",2
"Action & Adventure, Cult Movies, Sci-Fi & Fantasy",2
"Dramas, Music & Musicals",2
"Action & Adventure, Comedies, Cult Movies",2
"Children & Family Movies, Independent Movies",2
"Action & Adventure, Horror Movies",2
"Action & Adventure, Children & Family Movies, Comedies",2
"Dramas, Music & Musicals, Romantic Movies",2
"Classic Movies, Dramas, Thrillers",2
"Cult Movies, Dramas, Thrillers",2
"International Movies, Sci-Fi & Fantasy",2
"Classic Movies, Comedies, Music & Musicals",2
"Action & Adventure, Classic Movies, Cult Movies",2
"International Movies, Sports Movies",1
"Dramas, Horror Movies, Sci-Fi & Fantasy",1
"Children & Family Movies, Faith & Spirituality",1
"Comedies, Faith & Spirituality, Romantic Movies",1
"Documentaries, Faith & Spirituality, International Movies",1
"Children & Family Movies, Documentaries, Sports Movies",1
"Action & Adventure, Romantic Movies, Sci-Fi & Fantasy",1
"Action & Adventure, Anime Features, Classic Movies",1
"Children & Family Movies, Documentaries, International Movies",1
"Comedies, Cult Movies, LGBTQ Movies",1
"Independent Movies, Sci-Fi & Fantasy, Thrillers",1
"Action & Adventure, Children & Family Movies, Dramas",1
"Action & Adventure, Independent Movies, International Movies",1
"Comedies, Dramas, Music & Musicals",1
"Action & Adventure, Classic Movies, Sci-Fi & Fantasy",1
"Classic Movies, Horror Movies, Thrillers",1
"Action & Adventure, Cult Movies",1
"Children & Family Movies, Comedies, Faith & Spirituality",1
"Action & Adventure, Anime Features, Horror Movies",1
"Horror Movies, International Movies, Sci-Fi & Fantasy",1
"Cult Movies, Horror Movies, Thrillers",1
"Classic Movies, Independent Movies, Thrillers",1
"International Movies, Romantic Movies, Sci-Fi & Fantasy",1
"Classic Movies, Dramas, Music & Musicals",1
"Children & Family Movies, Sports Movies",1
"Action & Adventure, Sports Movies",1
"Action & Adventure, Comedies, Music & Musicals",1
"Dramas, Faith & Spirituality, Romantic Movies",1
"Children & Family Movies, Comedies, LGBTQ Movies",1
"Anime Features, Children & Family Movies, International Movies",1
"Classic Movies, Comedies, Romantic Movies",1
"Action & Adventure, Anime Features, Children & Family Movies",1
"Action & Adventure, Classic Movies, International Movies",1
Sci-Fi & Fantasy,1
"Classic Movies, Cult Movies, Dramas",1
"Comedies, Independent Movies, Music & Musicals",1
"Anime Features, Romantic Movies",1
"Classic Movies, Dramas, LGBTQ Movies",1
"Anime Features, International Movies",1
"Comedies, Cult Movies, Sports Movies",1
"Documentaries, Faith & Spirituality, Music & Musicals",1
"Action & Adventure, Faith & Spirituality, Sci-Fi & Fantasy",1
"Cult Movies, Dramas, Independent Movies",1
"Dramas, Music & Musicals, Sports Movies",1
"Children & Family Movies, Dramas, Music & Musicals",1
"Horror Movies, LGBTQ Movies, Thrillers",1
"Action & Adventure, International Movies, Thrillers",1
"Cult Movies, Independent Movies, Thrillers",1
"Action & Adventure, Children & Family Movies, Independent Movies",1
"Comedies, Documentaries",1
"Comedies, Dramas, Sports Movies",1
Independent Movies,1
"Action & Adventure, Horror Movies, Independent Movies",1
"Action & Adventure, Documentaries, Sports Movies",1
"Action & Adventure, Comedies, Horror Movies",1
"Action & Adventure, Dramas, Faith & Spirituality",1
"Classic Movies, Comedies, Independent Movies",1
"Dramas, Horror Movies, Music & Musicals",1
"Dramas, Faith & Spirituality, Independent Movies",1
"Comedies, Music & Musicals, Romantic Movies",1
"Action & Adventure, Cult Movies, Dramas",1
"Documentaries, Dramas, International Movies",1
"Children & Family Movies, Comedies, Cult Movies",1
"Action & Adventure, Children & Family Movies",1
"Horror Movies, Independent Movies, Sci-Fi & Fantasy",1
"Independent Movies, Romantic Movies",1
"Classic Movies, Comedies, Sports Movies",1
